,id,alias,name,image_url,is_closed,url,review_count,categories,rating,coordinates,transactions,price,location,phone,display_phone,distance
0,3MMRCi2i_ZCWnfe3PMmHZw,taste-of-india-flanders,Taste of India,https://s3-media3.fl.yelpcdn.com/bphoto/tQSvqL1GKcjangRxZNgA_A/o.jpg,False,https://www.yelp.com/biz/taste-of-india-flanders?adjust_creative=istl9jgw2i0Hp64EIdomvQ&utm_campaign=yelp_api_v3&utm_medium=api_v3_business_search&utm_source=istl9jgw2i0Hp64EIdomvQ,180,"[{'alias': 'indpak', 'title': 'Indian'}]",4.4,"{'latitude': 40.83188, 'longitude': -74.710462}","['pickup', 'delivery']",$$,"{'address1': '286 Route 206 S', 'address2': '', 'address3': '', 'city': 'Flanders', 'zip_code': '07836', 'country': 'US', 'state': 'NJ', 'display_address': ['286 Route 206 S', 'Flanders, NJ 07836']}",+19735844878,(973) 584-4878,11845.975378827136
1,wan61Z8Sv84ZPKR1lmTj_g,the-clay-oven-indian-restaurant-ledgewood,The Clay Oven Indian Restaurant,https://s3-media3.fl.yelpcdn.com/bphoto/9uPM1GCrfpUVXz7v7D2Stg/o.jpg,False,https://www.yelp.com/biz/the-clay-oven-indian-restaurant-ledgewood?adjust_creative=istl9jgw2i0Hp64EIdomvQ&utm_campaign=yelp_api_v3&utm_medium=api_v3_business_search&utm_source=istl9jgw2i0Hp64EIdomvQ,167,"[{'alias': 'indpak', 'title': 'Indian'}]",3.9,"{'latitude': 40.8787628844883, 'longitude': -74.6495110263235}","['pickup', 'delivery']",$$,"{'address1': '1140 Rt 46', 'address2': '', 'address3': '', 'city': 'Ledgewood', 'zip_code': '07852', 'country': 'US', 'state': 'NJ', 'display_address': ['1140 Rt 46', 'Ledgewood, NJ 07852']}",+19732527270,(973) 252-7270,6171.313796183455
2,hkrHUScuAZynQZg1PQckYg,cinnamon-morris-plains,Cinnamon,https://s3-media4.fl.yelpcdn.com/bphoto/3LDqDhcub__lPEyzQIxv2g/o.jpg,False,https://www.yelp.com/biz/cinnamon-morris-plains?adjust_creative=istl9jgw2i0Hp64EIdomvQ&utm_campaign=yelp_api_v3&utm_medium=api_v3_business_search&utm_source=istl9jgw2i0Hp64EIdomvQ,424,"[{'alias': 'indpak', 'title': 'Indian'}, {'alias': 'buffets', 'title': 'Buffets'}]",4.1,"{'latitude': 40.861406, 'longitude': -74.492597}","['pickup', 'delivery']",$$,"{'address1': '2920 State Route 10', 'address2': None, 'address3': '', 'city': 'Morris Plains', 'zip_code': '07950', 'country': 'US', 'state': 'NJ', 'display_address': ['2920 State Route 10', 'Morris Plains, NJ 07950']}",+19737340040,(973) 734-0040,7185.099287214838
3,vWEWgACFHwzZ6v5ZBcgj_Q,chakra-indian-cuisine-morristown,Chakra Indian Cuisine,https://s3-media1.fl.yelpcdn.com/bphoto/T8coTdB0zYpdMsAvW4nnFA/o.jpg,False,https://www.yelp.com/biz/chakra-indian-cuisine-morristown?adjust_creative=istl9jgw2i0Hp64EIdomvQ&utm_campaign=yelp_api_v3&utm_medium=api_v3_business_search&utm_source=istl9jgw2i0Hp64EIdomvQ,35,"[{'alias': 'indpak', 'title': 'Indian'}]",4.5,"{'latitude': 40.79223456645802, 'longitude': -74.47580635302964}","['pickup', 'delivery']",,"{'address1': '5 Elm St', 'address2': '', 'address3': None, 'city': 'Morristown', 'zip_code': '07960', 'country': 'US', 'state': 'NJ', 'display_address': ['5 Elm St', 'Morristown, NJ 07960']}",+19734000170,(973) 400-0170,11969.869709482233
4,Vrwdh4E9_oLX7PIQ9p4cJg,sangeetha-morris-plains,Sangeetha,https://s3-media2.fl.yelpcdn.com/bphoto/SuKZ0WqFwuHaD9eCjlYv6A/o.jpg,False,https://www.yelp.com/biz/sangeetha-morris-plains?adjust_creative=istl9jgw2i0Hp64EIdomvQ&utm_campaign=yelp_api_v3&utm_medium=api_v3_business_search&utm_source=istl9jgw2i0Hp64EIdomvQ,19,"[{'alias': 'indpak', 'title': 'Indian'}, {'alias': 'vegetarian', 'title': 'Vegetarian'}]",4.1,"{'latitude': 40.8482062, 'longitude': -74.47099862208839}",['delivery'],,"{'address1': '1767 NJ-10', 'address2': '', 'address3': None, 'city': 'Morris Plains', 'zip_code': '07950', 'country': 'US', 'state': 'NJ', 'display_address': ['1767 NJ-10', 'Morris Plains, NJ 07950']}",+19733300338,(973) 330-0338,9221.336187612249
5,L0LnBKnO9n2kqqQHUaBUJA,house-of-biryanis-and-kebabs-denville,House of Biryani's and Kebabs,https://s3-media3.fl.yelpcdn.com/bphoto/W53CXnQjBScRZFY29U4H4A/o.jpg,False,https://www.yelp.com/biz/house-of-biryanis-and-kebabs-denville?adjust_creative=istl9jgw2i0Hp64EIdomvQ&utm_campaign=yelp_api_v3&utm_medium=api_v3_business_search&utm_source=istl9jgw2i0Hp64EIdomvQ,66,"[{'alias': 'indpak', 'title': 'Indian'}, {'alias': 'kebab', 'title': 'Kebab'}]",4.2,"{'latitude': 40.88721, 'longitude': -74.46545}","['pickup', 'delivery']",$$,"{'address1': '315 US-46', 'address2': None, 'address3': '', 'city': 'Denville', 'zip_code': '07834', 'country': 'US', 'state': 'NJ', 'display_address': ['315 US-46', 'Denville, NJ 07834']}",+19739570818,(973) 957-0818,9696.850905186999
6,K85pBw57ogwiw3Wq09AmAA,bollywood-grill-2-morris-plains,Bollywood Grill 2,https://s3-media1.fl.yelpcdn.com/bphoto/Fa3vvckjEYDQCiuK9YO1xA/o.jpg,False,https://www.yelp.com/biz/bollywood-grill-2-morris-plains?adjust_creative=istl9jgw2i0Hp64EIdomvQ&utm_campaign=yelp_api_v3&utm_medium=api_v3_business_search&utm_source=istl9jgw2i0Hp64EIdomvQ,53,"[{'alias': 'indpak', 'title': 'Indian'}]",3.8,"{'latitude': 40.84672533, 'longitude': -74.46840783}","['pickup', 'delivery']",,"{'address1': '1729 NJ-10 E', 'address2': None, 'address3': '', 'city': 'Morris Plains', 'zip_code': '07950', 'country': 'US', 'state': 'NJ', 'display_address': ['1729 NJ-10 E', 'Morris Plains, NJ 07950']}",+19739986303,(973) 998-6303,9477.705527048625
7,YvJll6PjAYF6vh08Hwraxg,sankalp-the-taste-of-india-cedar-knolls,Sankalp The Taste of India,https://s3-media1.fl.yelpcdn.com/bphoto/l_AqEpDQYwMa6j-HQ_cLuQ/o.jpg,False,https://www.yelp.com/biz/sankalp-the-taste-of-india-cedar-knolls?adjust_creative=istl9jgw2i0Hp64EIdomvQ&utm_campaign=yelp_api_v3&utm_medium=api_v3_business_search&utm_source=istl9jgw2i0Hp64EIdomvQ,28,"[{'alias': 'indpak', 'title': 'Indian'}]",4.0,"{'latitude': 40.821292669991095, 'longitude': -74.4490873454091}","['pickup', 'delivery']",,"{'address1': '99 Ridgedale Ave', 'address2': None, 'address3': '', 'city': 'Cedar Knolls', 'zip_code': '07927', 'country': 'US', 'state': 'NJ', 'display_address': ['99 Ridgedale Ave', 'Cedar Knolls, NJ 07927']}",+19732874427,(973) 287-4427,11969.029462430246
8,XYu-m6dChvCkyqMYoKZ7bA,caffe-delhi-denville,Caffe Delhi,https://s3-media3.fl.yelpcdn.com/bphoto/o0Z0Z1Cjkx2pFvS5UtqU7w/o.jpg,False,https://www.yelp.com/biz/caffe-delhi-denville?adjust_creative=istl9jgw2i0Hp64EIdomvQ&utm_campaign=yelp_api_v3&utm_medium=api_v3_business_search&utm_source=istl9jgw2i0Hp64EIdomvQ,203,"[{'alias': 'indpak', 'title': 'Indian'}]",4.0,"{'latitude': 40.883918, 'longitude': -74.478416}","['pickup', 'delivery']",$$,"{'address1': '276 E Main St', 'address2': 'unit 5', 'address3': '', 'city': 'Denville', 'zip_code': '07834', 'country': 'US', 'state': 'NJ', 'display_address': ['276 E Main St', 'unit 5', 'Denville, NJ 07834']}",+19737843888,(973) 784-3888,8545.609686616906
9,JH0ZlSyP3mQNzP8kQLpwWg,mehndi-morristown-10,Mehndi,https://s3-media3.fl.yelpcdn.com/bphoto/nZzLz1r5uuMAhcTMfqKyVQ/o.jpg,False,https://www.yelp.com/biz/mehndi-morristown-10?adjust_creative=istl9jgw2i0Hp64EIdomvQ&utm_campaign=yelp_api_v3&utm_medium=api_v3_business_search&utm_source=istl9jgw2i0Hp64EIdomvQ,468,"[{'alias': 'indpak', 'title': 'Indian'}]",4.1,"{'latitude': 40.799675299562495, 'longitude': -74.48091779576046}","['pickup', 'delivery']",$$,"{'address1': '3 Speedwell Ave', 'address2': '', 'address3': '', 'city': 'Morristown', 'zip_code': '07960', 'country': 'US', 'state': 'NJ', 'display_address': ['3 Speedwell Ave', 'Morristown, NJ 07960']}",+19738712323,(973) 871-2323,11087.888622082213
10,C25-CA4kZRBYa1yIEsrfLw,caffe-india-morristown,Caffe India,https://s3-media1.fl.yelpcdn.com/bphoto/WaH-M17WLWcImNQNOZz2wQ/o.jpg,False,https://www.yelp.com/biz/caffe-india-morristown?adjust_creative=istl9jgw2i0Hp64EIdomvQ&utm_campaign=yelp_api_v3&utm_medium=api_v3_business_search&utm_source=istl9jgw2i0Hp64EIdomvQ,165,"[{'alias': 'indpak', 'title': 'Indian'}, {'alias': 'desserts', 'title': 'Desserts'}]",3.7,"{'latitude': 40.7989221, 'longitude': -74.4852487}","['pickup', 'delivery']",$$,"{'address1': '79 Washington St', 'address2': '', 'address3': '', 'city': 'Morristown', 'zip_code': '07960', 'country': 'US', 'state': 'NJ', 'display_address': ['79 Washington St', 'Morristown, NJ 07960']}",+19735397433,(973) 539-7433,10874.964215833841
11,H9XHNCsgobuhD3Mdpng62Q,the-spice-room-elmwood-park,The Spice Room,https://s3-media4.fl.yelpcdn.com/bphoto/uiBkj6AYyKl3UtmUwop5sA/o.jpg,False,https://www.yelp.com/biz/the-spice-room-elmwood-park?adjust_creative=istl9jgw2i0Hp64EIdomvQ&utm_campaign=yelp_api_v3&utm_medium=api_v3_business_search&utm_source=istl9jgw2i0Hp64EIdomvQ,4,"[{'alias': 'indpak', 'title': 'Indian'}, {'alias': 'desserts', 'title': 'Desserts'}, {'alias': 'catering', 'title': 'Caterers'}]",4.8,"{'latitude': 40.92133036711218, 'longitude': -74.12926433820986}","['pickup', 'delivery']",,"{'address1': '430 Market St', 'address2': '430 St', 'address3': '', 'city': 'Elmwood Park', 'zip_code': '07407', 'country': 'US', 'state': 'NJ', 'display_address': ['430 Market St', '430 St', 'Elmwood Park, NJ 07407']}",+12012549267,(201) 254-9267,4753.995140052151
12,-W7VgS94bFBtxlj750rPWA,downtown-dhaba-westwood,Downtown Dhaba,https://s3-media4.fl.yelpcdn.com/bphoto/opqVfVBp4KJw-zgn_QzTow/o.jpg,False,https://www.yelp.com/biz/downtown-dhaba-westwood?adjust_creative=istl9jgw2i0Hp64EIdomvQ&utm_campaign=yelp_api_v3&utm_medium=api_v3_business_search&utm_source=istl9jgw2i0Hp64EIdomvQ,367,"[{'alias': 'indpak', 'title': 'Indian'}]",4.6,"{'latitude': 40.9921873436783, 'longitude': -74.0320478943364}","['pickup', 'delivery']",$$,"{'address1': '266 Center Ave', 'address2': None, 'address3': '', 'city': 'Westwood', 'zip_code': '07675', 'country': 'US', 'state': 'NJ', 'display_address': ['266 Center Ave', 'Westwood, NJ 07675']}",+12016640123,(201) 664-0123,6673.636998681959
13,rNECIKe5x2i7R4niLhWJZg,moringa-indian-curry-house-tappan,Moringa Indian Curry House,https://s3-media1.fl.yelpcdn.com/bphoto/W277jLS6lwOVIz8Wh9Bpxw/o.jpg,False,https://www.yelp.com/biz/moringa-indian-curry-house-tappan?adjust_creative=istl9jgw2i0Hp64EIdomvQ&utm_campaign=yelp_api_v3&utm_medium=api_v3_business_search&utm_source=istl9jgw2i0Hp64EIdomvQ,24,"[{'alias': 'indpak', 'title': 'Indian'}]",4.3,"{'latitude': 41.02231181659576, 'longitude': -73.95078077057158}","['pickup', 'delivery']",,"{'address1': '65 Old Tappan Rd', 'address2': '', 'address3': None, 'city': 'Tappan', 'zip_code': '10983', 'country': 'US', 'state': 'NY', 'display_address': ['65 Old Tappan Rd', 'Tappan, NY 10983']}",+18456806240,(845) 680-6240,13972.373833144815
14,PAV62mYxDmZnXW8xYOWSoQ,parathas-and-platters-hackensack,Parathas & Platters,https://s3-media2.fl.yelpcdn.com/bphoto/VpHkdfFe_1HmoioZl8rI2w/o.jpg,False,https://www.yelp.com/biz/parathas-and-platters-hackensack?adjust_creative=istl9jgw2i0Hp64EIdomvQ&utm_campaign=yelp_api_v3&utm_medium=api_v3_business_search&utm_source=istl9jgw2i0Hp64EIdomvQ,21,"[{'alias': 'indpak', 'title': 'Indian'}, {'alias': 'chicken_wings', 'title': 'Chicken Wings'}, {'alias': 'burgers', 'title': 'Burgers'}]",4.4,"{'latitude': 40.88868244, 'longitude': -74.04043488}","['pickup', 'delivery']",,"{'address1': '329 Main St', 'address2': None, 'address3': '', 'city': 'Hackensack', 'zip_code': '07601', 'country': 'US', 'state': 'NJ', 'display_address': ['329 Main St', 'Hackensack, NJ 07601']}",+12012508255,(201) 250-8255,7331.619694205663
15,cxNFTHl5ZhkxYf5FutsXRw,nirvana-indian-kitchen-allendale,Nirvana Indian Kitchen,https://s3-media1.fl.yelpcdn.com/bphoto/Fkzga0fEVcxADKbsEKEDbQ/o.jpg,False,https://www.yelp.com/biz/nirvana-indian-kitchen-allendale?adjust_creative=istl9jgw2i0Hp64EIdomvQ&utm_campaign=yelp_api_v3&utm_medium=api_v3_business_search&utm_source=istl9jgw2i0Hp64EIdomvQ,393,"[{'alias': 'indpak', 'title': 'Indian'}, {'alias': 'halal', 'title': 'Halal'}]",4.3,"{'latitude': 41.0281620500359, 'longitude': -74.127698368126}","['pickup', 'delivery']",$$,"{'address1': '29 W Allendale Ave', 'address2': None, 'address3': '', 'city': 'Allendale', 'zip_code': '07401', 'country': 'US', 'state': 'NJ', 'display_address': ['29 W Allendale Ave', 'Allendale, NJ 07401']}",+12018182300,(201) 818-2300,9840.372626129623
16,S2Jgo8dvZOypehJzMrQpbQ,veda-tenafly,Veda,https://s3-media1.fl.yelpcdn.com/bphoto/Ljs4SEWdNSroe5grgtGaBg/o.jpg,False,https://www.yelp.com/biz/veda-tenafly?adjust_creative=istl9jgw2i0Hp64EIdomvQ&utm_campaign=yelp_api_v3&utm_medium=api_v3_business_search&utm_source=istl9jgw2i0Hp64EIdomvQ,132,"[{'alias': 'indpak', 'title': 'Indian'}]",4.5,"{'latitude': 40.92538333, 'longitude': -73.96363167}","['pickup', 'delivery']",$$,"{'address1': '2141 10 Jay St', 'address2': '', 'address3': None, 'city': 'Tenafly', 'zip_code': '07670', 'country': 'US', 'state': 'NJ', 'display_address': ['2141 10 Jay St', 'Tenafly, NJ 07670']}",+12013997789,(201) 399-7789,10316.906415030562
17,bSvQKCrNGiq72txf08QE8Q,bombaywala-and-co-paramus-3,Bombaywala & CO,https://s3-media2.fl.yelpcdn.com/bphoto/i1TFThlTmFJXX1kwFsLbfw/o.jpg,False,https://www.yelp.com/biz/bombaywala-and-co-paramus-3?adjust_creative=istl9jgw2i0Hp64EIdomvQ&utm_campaign=yelp_api_v3&utm_medium=api_v3_business_search&utm_source=istl9jgw2i0Hp64EIdomvQ,71,"[{'alias': 'indpak', 'title': 'Indian'}, {'alias': 'vegetarian', 'title': 'Vegetarian'}]",3.0,"{'latitude': 40.94573744819063, 'longitude': -74.05091497531447}","['pickup', 'delivery']",,"{'address1': '440 Forest Ave', 'address2': None, 'address3': '', 'city': 'Paramus', 'zip_code': '07652', 'country': 'US', 'state': 'NJ', 'display_address': ['440 Forest Ave', 'Paramus, NJ 07652']}",+12014145859,(201) 414-5859,2719.654717774387
18,iFK9h-kNYbL6j6kRy3L6CQ,tabla-fine-indian-cuisine-ridgewood-2,Tabla Fine Indian Cuisine,https://s3-media4.fl.yelpcdn.com/bphoto/W-98a6aJiq2YSom5BBOgwg/o.jpg,False,https://www.yelp.com/biz/tabla-fine-indian-cuisine-ridgewood-2?adjust_creative=istl9jgw2i0Hp64EIdomvQ&utm_campaign=yelp_api_v3&utm_medium=api_v3_business_search&utm_source=istl9jgw2i0Hp64EIdomvQ,231,"[{'alias': 'indpak', 'title': 'Indian'}]",4.5,"{'latitude': 40.97918, 'longitude': -74.12087}","['pickup', 'delivery']",$$,"{'address1': '16 S Broad St', 'address2': None, 'address3': None, 'city': 'Ridgewood', 'zip_code': '07450', 'country': 'US', 'state': 'NJ', 'display_address': ['16 S Broad St', 'Ridgewood, NJ 07450']}",+12014444055,(201) 444-4055,4834.253646617598
19,_HLttAGWRfbWJUmmjK0xxA,manjal-ridgewood,Manjal,https://s3-media4.fl.yelpcdn.com/bphoto/i6sELBsFHHycUTp2ypgivw/o.jpg,False,https://www.yelp.com/biz/manjal-ridgewood?adjust_creative=istl9jgw2i0Hp64EIdomvQ&utm_campaign=yelp_api_v3&utm_medium=api_v3_business_search&utm_source=istl9jgw2i0Hp64EIdomvQ,108,"[{'alias': 'indpak', 'title': 'Indian'}]",4.3,"{'latitude': 40.9790513947864, 'longitude': -74.1228970088499}","['pickup', 'delivery']",$$,"{'address1': '37 Godwin Ave', 'address2': '', 'address3': None, 'city': 'Ridgewood', 'zip_code': '07450', 'country': 'US', 'state': 'NJ', 'display_address': ['37 Godwin Ave', 'Ridgewood, NJ 07450']}",+12018575754,(201) 857-5754,4935.140371705439
20,nLMECack5A2jR_lGBZmODw,benares-wyckoff,Benares,https://s3-media3.fl.yelpcdn.com/bphoto/D7GqreJv78RCXYUhQAES4w/o.jpg,False,https://www.yelp.com/biz/benares-wyckoff?adjust_creative=istl9jgw2i0Hp64EIdomvQ&utm_campaign=yelp_api_v3&utm_medium=api_v3_business_search&utm_source=istl9jgw2i0Hp64EIdomvQ,129,"[{'alias': 'indpak', 'title': 'Indian'}]",4.3,"{'latitude': 41.011255463101634, 'longitude': -74.16743267266013}","['pickup', 'delivery']",,"{'address1': '327 Franklin Ave', 'address2': 'Ste 2051', 'address3': '', 'city': 'Wyckoff', 'zip_code': '07481', 'country': 'US', 'state': 'NJ', 'display_address': ['327 Franklin Ave', 'Ste 2051', 'Wyckoff, NJ 07481']}",+12019042222,(201) 904-2222,10105.729162362986
21,cH1j4MQhXPffQ8hZHHKH5g,essence-of-kesar-englewood-2,Essence Of Kesar,https://s3-media2.fl.yelpcdn.com/bphoto/LJmULURyMYgTinCWqm0vEA/o.jpg,False,https://www.yelp.com/biz/essence-of-kesar-englewood-2?adjust_creative=istl9jgw2i0Hp64EIdomvQ&utm_campaign=yelp_api_v3&utm_medium=api_v3_business_search&utm_source=istl9jgw2i0Hp64EIdomvQ,32,"[{'alias': 'indpak', 'title': 'Indian'}]",4.4,"{'latitude': 40.893118400000056, 'longitude': -73.97407327055224}",[],,"{'address1': '34 E Palisade Ave', 'address2': '', 'address3': None, 'city': 'Englewood', 'zip_code': '07631', 'country': 'US', 'state': 'NJ', 'display_address': ['34 E Palisade Ave', 'Englewood, NJ 07631']}",+12013000331,(201) 300-0331,10914.476885436094
23,_RmV0tpSELJYpTE777kGnA,manjal-indian-cuisine-fair-lawn-2,Manjal Indian Cuisine,https://s3-media1.fl.yelpcdn.com/bphoto/4wb8TJoS1DRd-ARNpeT3ng/o.jpg,False,https://www.yelp.com/biz/manjal-indian-cuisine-fair-lawn-2?adjust_creative=istl9jgw2i0Hp64EIdomvQ&utm_campaign=yelp_api_v3&utm_medium=api_v3_business_search&utm_source=istl9jgw2i0Hp64EIdomvQ,173,"[{'alias': 'indpak', 'title': 'Indian'}, {'alias': 'desserts', 'title': 'Desserts'}]",4.2,"{'latitude': 40.945074, 'longitude': -74.147276}","['pickup', 'delivery']",$$,"{'address1': '95 Lincoln Ave', 'address2': '', 'address3': None, 'city': 'Fair Lawn', 'zip_code': '07410', 'country': 'US', 'state': 'NJ', 'display_address': ['95 Lincoln Ave', 'Fair Lawn, NJ 07410']}",+19733041565,(973) 304-1565,5375.830596648059
24,3upUdHYaOuFgLZfYqPv9Qw,kashan-indian-kitchen-and-bar-clifton,Kashan Indian Kitchen & Bar,https://s3-media2.fl.yelpcdn.com/bphoto/chzB3kWfOQopKiBPdfa3Rg/o.jpg,False,https://www.yelp.com/biz/kashan-indian-kitchen-and-bar-clifton?adjust_creative=istl9jgw2i0Hp64EIdomvQ&utm_campaign=yelp_api_v3&utm_medium=api_v3_business_search&utm_source=istl9jgw2i0Hp64EIdomvQ,4,"[{'alias': 'indpak', 'title': 'Indian'}, {'alias': 'cocktailbars', 'title': 'Cocktail Bars'}]",3.8,"{'latitude': 40.845908, 'longitude': -74.160317}","['pickup', 'delivery']",,"{'address1': '50 Market St', 'address2': None, 'address3': '', 'city': 'Clifton', 'zip_code': '07012', 'country': 'US', 'state': 'NJ', 'display_address': ['50 Market St', 'Clifton, NJ 07012']}",+19734723663,(973) 472-3663,12895.94857453756
25,flu3OkFx98J5wjFwztu7sA,turmeric-indian-bistro-ridgewood,Turmeric Indian Bistro,https://s3-media1.fl.yelpcdn.com/bphoto/X2zGOdIG8fNVe5fEzX43dA/o.jpg,False,https://www.yelp.com/biz/turmeric-indian-bistro-ridgewood?adjust_creative=istl9jgw2i0Hp64EIdomvQ&utm_campaign=yelp_api_v3&utm_medium=api_v3_business_search&utm_source=istl9jgw2i0Hp64EIdomvQ,132,"[{'alias': 'indpak', 'title': 'Indian'}]",4.4,"{'latitude': 40.98093, 'longitude': -74.118526}","['pickup', 'delivery']",,"{'address1': '34 Franklin Ave', 'address2': '', 'address3': None, 'city': 'Ridgewood', 'zip_code': '07450', 'country': 'US', 'state': 'NJ', 'display_address': ['34 Franklin Ave', 'Ridgewood, NJ 07450']}",+12015748777,(201) 574-8777,4858.783136075408
26,EhTt1c9uMd2C_O4ZJZ5Lcw,subzi-bazaar-rochelle-park,Subzi Bazaar,https://s3-media2.fl.yelpcdn.com/bphoto/oYqu0ubhAEet3M9qpKEHeg/o.jpg,False,https://www.yelp.com/biz/subzi-bazaar-rochelle-park?adjust_creative=istl9jgw2i0Hp64EIdomvQ&utm_campaign=yelp_api_v3&utm_medium=api_v3_business_search&utm_source=istl9jgw2i0Hp64EIdomvQ,36,"[{'alias': 'importedfood', 'title': 'Imported Food'}, {'alias': 'indpak', 'title': 'Indian'}]",3.0,"{'latitude': 40.905409, 'longitude': -74.071268}","['pickup', 'delivery']",$$,"{'address1': '194 Route 17 N', 'address2': '', 'address3': '', 'city': 'Rochelle Park', 'zip_code': '07652', 'country': 'US', 'state': 'NJ', 'display_address': ['194 Route 17 N', 'Rochelle Park, NJ 07652']}",+12018807773,(201) 880-7773,4653.371471145096
27,Y6Q4uhE-GsP2iykSW9oJPw,rudra-indian-bistro-teaneck,Rudra Indian Bistro,https://s3-media4.fl.yelpcdn.com/bphoto/KSNHYx_u5r7cHWuwhC-71w/o.jpg,False,https://www.yelp.com/biz/rudra-indian-bistro-teaneck?adjust_creative=istl9jgw2i0Hp64EIdomvQ&utm_campaign=yelp_api_v3&utm_medium=api_v3_business_search&utm_source=istl9jgw2i0Hp64EIdomvQ,125,"[{'alias': 'indpak', 'title': 'Indian'}]",4.4,"{'latitude': 40.89044, 'longitude': -74.02528}","['pickup', 'delivery']",$$,"{'address1': '561 Cedar Ln', 'address2': None, 'address3': '', 'city': 'Teaneck', 'zip_code': '07666', 'country': 'US', 'state': 'NJ', 'display_address': ['561 Cedar Ln', 'Teaneck, NJ 07666']}",+12015307575,(201) 530-7575,7891.182832616453
28,x29qdIf3WPKmayhPzUFzsQ,delhi-accent-innovative-indian-dining-ridgewood-3,Delhi Accent Innovative Indian Dining,https://s3-media2.fl.yelpcdn.com/bphoto/nQENWuSATSuKXM-BB13p0g/o.jpg,False,https://www.yelp.com/biz/delhi-accent-innovative-indian-dining-ridgewood-3?adjust_creative=istl9jgw2i0Hp64EIdomvQ&utm_campaign=yelp_api_v3&utm_medium=api_v3_business_search&utm_source=istl9jgw2i0Hp64EIdomvQ,173,"[{'alias': 'indpak', 'title': 'Indian'}, {'alias': 'halal', 'title': 'Halal'}, {'alias': 'catering', 'title': 'Caterers'}]",4.2,"{'latitude': 40.98041, 'longitude': -74.11888}","['pickup', 'delivery']",$$,"{'address1': '37 Chestnut St', 'address2': '', 'address3': None, 'city': 'Ridgewood', 'zip_code': '07450', 'country': 'US', 'state': 'NJ', 'display_address': ['37 Chestnut St', 'Ridgewood, NJ 07450']}",+12014444910,(201) 444-4910,4841.485144541994
29,C0Lc2YhiekSUsi65aSrHkw,bukhara-grill-indian-spice-rave-ridgewood-2,Bukhara Grill Indian Spice Rave,https://s3-media4.fl.yelpcdn.com/bphoto/Qph-7dpE2rCL6C9S_H6QjQ/o.jpg,False,https://www.yelp.com/biz/bukhara-grill-indian-spice-rave-ridgewood-2?adjust_creative=istl9jgw2i0Hp64EIdomvQ&utm_campaign=yelp_api_v3&utm_medium=api_v3_business_search&utm_source=istl9jgw2i0Hp64EIdomvQ,17,"[{'alias': 'catering', 'title': 'Caterers'}, {'alias': 'indpak', 'title': 'Indian'}]",4.2,"{'latitude': 40.980415, 'longitude': -74.118902}",['delivery'],,"{'address1': '37 Chestnut St', 'address2': None, 'address3': '', 'city': 'Ridgewood', 'zip_code': '07450', 'country': 'US', 'state': 'NJ', 'display_address': ['37 Chestnut St', 'Ridgewood, NJ 07450']}",+12014444910,(201) 444-4910,4841.485144542549
30,17hj-J-E7UFki3Brshu0lQ,taste-of-india-teaneck-2,Taste of India,https://s3-media1.fl.yelpcdn.com/bphoto/TK-YhCm4aoe_RaKFS93XhA/o.jpg,False,https://www.yelp.com/biz/taste-of-india-teaneck-2?adjust_creative=istl9jgw2i0Hp64EIdomvQ&utm_campaign=yelp_api_v3&utm_medium=api_v3_business_search&utm_source=istl9jgw2i0Hp64EIdomvQ,88,"[{'alias': 'indpak', 'title': 'Indian'}]",4.0,"{'latitude': 40.88572146, 'longitude': -74.01248005}","['pickup', 'delivery']",$$,"{'address1': '166 Cedar Ln', 'address2': None, 'address3': '', 'city': 'Teaneck', 'zip_code': '07666', 'country': 'US', 'state': 'NJ', 'display_address': ['166 Cedar Ln', 'Teaneck, NJ 07666']}",+12016923222,(201) 692-3222,8984.152657894932
31,UxfGwHayDA6edmGoRCFCPA,bombay-hut-waldwick,Bombay Hut,https://s3-media1.fl.yelpcdn.com/bphoto/WeTFcESytPCeOGBxp1CcUA/o.jpg,False,https://www.yelp.com/biz/bombay-hut-waldwick?adjust_creative=istl9jgw2i0Hp64EIdomvQ&utm_campaign=yelp_api_v3&utm_medium=api_v3_business_search&utm_source=istl9jgw2i0Hp64EIdomvQ,221,"[{'alias': 'indpak', 'title': 'Indian'}]",4.2,"{'latitude': 41.010727, 'longitude': -74.118337}","['pickup', 'delivery']",$$,"{'address1': '18A E Prospect St', 'address2': '', 'address3': '', 'city': 'Waldwick', 'zip_code': '07463', 'country': 'US', 'state': 'NJ', 'display_address': ['18A E Prospect St', 'Waldwick, NJ 07463']}",+12018573266,(201) 857-3266,7748.666098496071
32,DJSsqXhaP2C4wXG8EPL1bg,mantra-paramus-2,Mantra,https://s3-media1.fl.yelpcdn.com/bphoto/ZlmdBu81Tdte_yKGhcyG_Q/o.jpg,False,https://www.yelp.com/biz/mantra-paramus-2?adjust_creative=istl9jgw2i0Hp64EIdomvQ&utm_campaign=yelp_api_v3&utm_medium=api_v3_business_search&utm_source=istl9jgw2i0Hp64EIdomvQ,330,"[{'alias': 'indpak', 'title': 'Indian'}]",3.5,"{'latitude': 40.914641, 'longitude': -74.0462798811758}","['pickup', 'delivery']",$$,"{'address1': '275 W State Rt 4', 'address2': '', 'address3': '', 'city': 'Paramus', 'zip_code': '07652', 'country': 'US', 'state': 'NJ', 'display_address': ['275 W State Rt 4', 'Paramus, NJ 07652']}",+12013428868,(201) 342-8868,4693.384310407191
33,s4nLGFvSINH6SekvC8s9iA,classic-nirala-restaurant-elmwood-park,Classic Nirala Restaurant,https://s3-media3.fl.yelpcdn.com/bphoto/IgyYLum-GOdvDKhPdlsUCg/o.jpg,False,https://www.yelp.com/biz/classic-nirala-restaurant-elmwood-park?adjust_creative=istl9jgw2i0Hp64EIdomvQ&utm_campaign=yelp_api_v3&utm_medium=api_v3_business_search&utm_source=istl9jgw2i0Hp64EIdomvQ,113,"[{'alias': 'halal', 'title': 'Halal'}, {'alias': 'steak', 'title': 'Steakhouses'}, {'alias': 'indpak', 'title': 'Indian'}]",4.3,"{'latitude': 40.89376, 'longitude': -74.11694}","['pickup', 'delivery']",$$,"{'address1': '213 Rte 46', 'address2': 'Ste 5', 'address3': '', 'city': 'Elmwood Park', 'zip_code': '07407', 'country': 'US', 'state': 'NJ', 'display_address': ['213 Rte 46', 'Ste 5', 'Elmwood Park, NJ 07407']}",+12017736073,(201) 773-6073,6479.341886772748
34,Zik-7nBwI8Cz4ZxxKZUa8g,spicy-bytes-east-rutherford,Spicy Bytes,https://s3-media2.fl.yelpcdn.com/bphoto/zB72wgTttEu5PktXhApOCg/o.jpg,False,https://www.yelp.com/biz/spicy-bytes-east-rutherford?adjust_creative=istl9jgw2i0Hp64EIdomvQ&utm_campaign=yelp_api_v3&utm_medium=api_v3_business_search&utm_source=istl9jgw2i0Hp64EIdomvQ,4,"[{'alias': 'indpak', 'title': 'Indian'}]",3.5,"{'latitude': 40.849873, 'longitude': -74.114556}","['pickup', 'delivery']",,"{'address1': '850 Paterson Ave', 'address2': '', 'address3': None, 'city': 'East Rutherford', 'zip_code': '07073', 'country': 'US', 'state': 'NJ', 'display_address': ['850 Paterson Ave', 'East Rutherford, NJ 07073']}",+18455847984,(845) 584-7984,11032.182649812497
35,wMhJPpAQqmbGhOFErPh4zg,woodlands-cafe-garfield,Woodlands Cafe,https://s3-media1.fl.yelpcdn.com/bphoto/7csoK9ow5u6RFMZNkcL0gg/o.jpg,False,https://www.yelp.com/biz/woodlands-cafe-garfield?adjust_creative=istl9jgw2i0Hp64EIdomvQ&utm_campaign=yelp_api_v3&utm_medium=api_v3_business_search&utm_source=istl9jgw2i0Hp64EIdomvQ,81,"[{'alias': 'indpak', 'title': 'Indian'}, {'alias': 'vegetarian', 'title': 'Vegetarian'}]",4.0,"{'latitude': 40.874897, 'longitude': -74.102093}","['pickup', 'delivery']",$$,"{'address1': '160 Frederick St', 'address2': None, 'address3': '', 'city': 'Garfield', 'zip_code': '07026', 'country': 'US', 'state': 'NJ', 'display_address': ['160 Frederick St', 'Garfield, NJ 07026']}",+18625911994,(862) 591-1994,8092.791225069688
38,ueApWwiCYcHOMXvERAOHVQ,the-new-la-neves-restaurant-and-caterers-haledon,"The ""New"" La Neve's Restaurant & Caterers",https://s3-media4.fl.yelpcdn.com/bphoto/UmTO1oZGONeqRzKXXDo4iw/o.jpg,False,https://www.yelp.com/biz/the-new-la-neves-restaurant-and-caterers-haledon?adjust_creative=istl9jgw2i0Hp64EIdomvQ&utm_campaign=yelp_api_v3&utm_medium=api_v3_business_search&utm_source=istl9jgw2i0Hp64EIdomvQ,62,"[{'alias': 'newamerican', 'title': 'New American'}, {'alias': 'indpak', 'title': 'Indian'}, {'alias': 'soulfood', 'title': 'Soul Food'}]",3.9,"{'latitude': 40.93235, 'longitude': -74.18353}",[],$$$,"{'address1': '276 Belmont Ave', 'address2': '', 'address3': '', 'city': 'Haledon', 'zip_code': '07508', 'country': 'US', 'state': 'NJ', 'display_address': ['276 Belmont Ave', 'Haledon, NJ 07508']}",+19737907105,(973) 790-7105,8570.74788959063
39,Au97Lq_Hxnlzy6s0uSsd5w,bengal-spice-woodland-park,Bengal Spice,https://s3-media2.fl.yelpcdn.com/bphoto/LpNxFnz6M5_NFjNdh107FQ/o.jpg,False,https://www.yelp.com/biz/bengal-spice-woodland-park?adjust_creative=istl9jgw2i0Hp64EIdomvQ&utm_campaign=yelp_api_v3&utm_medium=api_v3_business_search&utm_source=istl9jgw2i0Hp64EIdomvQ,51,"[{'alias': 'indpak', 'title': 'Indian'}, {'alias': 'seafood', 'title': 'Seafood'}, {'alias': 'halal', 'title': 'Halal'}]",4.4,"{'latitude': 40.89321, 'longitude': -74.20456}","['pickup', 'delivery']",,"{'address1': '997 McBride Ave', 'address2': '', 'address3': None, 'city': 'Woodland Park', 'zip_code': '07424', 'country': 'US', 'state': 'NJ', 'display_address': ['997 McBride Ave', 'Woodland Park, NJ 07424']}",+19733399839,(973) 339-9839,11917.904803026508
41,aaVV388ojMgIayC3cVIEVg,mausam-indian-curry-n-bites-clifton,Mausam Indian Curry N Bites,https://s3-media1.fl.yelpcdn.com/bphoto/hQYljNONwZ4HZ4D0vKlwsQ/o.jpg,False,https://www.yelp.com/biz/mausam-indian-curry-n-bites-clifton?adjust_creative=istl9jgw2i0Hp64EIdomvQ&utm_campaign=yelp_api_v3&utm_medium=api_v3_business_search&utm_source=istl9jgw2i0Hp64EIdomvQ,268,"[{'alias': 'indpak', 'title': 'Indian'}]",4.3,"{'latitude': 40.84595, 'longitude': -74.16121}","['pickup', 'delivery']",$$,"{'address1': '76 Market St', 'address2': '', 'address3': '', 'city': 'Clifton', 'zip_code': '07012', 'country': 'US', 'state': 'NJ', 'display_address': ['76 Market St', 'Clifton, NJ 07012']}",+19734723663,(973) 472-3663,12941.490268554448
42,XDFrK9kelRfGcQvBN3O1OA,dosa-and-biryani-house-saddle-brook-3,Dosa and Biryani House,https://s3-media1.fl.yelpcdn.com/bphoto/mAx_6zHQmfcbVyE3oF1acg/o.jpg,False,https://www.yelp.com/biz/dosa-and-biryani-house-saddle-brook-3?adjust_creative=istl9jgw2i0Hp64EIdomvQ&utm_campaign=yelp_api_v3&utm_medium=api_v3_business_search&utm_source=istl9jgw2i0Hp64EIdomvQ,178,"[{'alias': 'indpak', 'title': 'Indian'}]",2.9,"{'latitude': 40.896566, 'longitude': -74.095439}","['pickup', 'delivery']",$$,"{'address1': '350 Market St', 'address2': '', 'address3': '', 'city': 'Saddle Brook', 'zip_code': '07663', 'country': 'US', 'state': 'NJ', 'display_address': ['350 Market St', 'Saddle Brook, NJ 07663']}",+12018450001,(201) 845-0001,5626.735085785696
43,8Bgscm9qOB6t9_1-n_BVWg,chefs-kitchen-wallington,Chefs Kitchen,https://s3-media3.fl.yelpcdn.com/bphoto/9fPlo4ZYCWuiGaH2QezxAA/o.jpg,False,https://www.yelp.com/biz/chefs-kitchen-wallington?adjust_creative=istl9jgw2i0Hp64EIdomvQ&utm_campaign=yelp_api_v3&utm_medium=api_v3_business_search&utm_source=istl9jgw2i0Hp64EIdomvQ,32,"[{'alias': 'indpak', 'title': 'Indian'}]",4.2,"{'latitude': 40.8535286, 'longitude': -74.110877}","['pickup', 'delivery']",,"{'address1': '109 Locust Ave', 'address2': None, 'address3': '', 'city': 'Wallington', 'zip_code': '07057', 'country': 'US', 'state': 'NJ', 'display_address': ['109 Locust Ave', 'Wallington, NJ 07057']}",+19733650055,(973) 365-0055,10568.777872538514
44,oZL2RilA-P-PgkMU0AdR-Q,tandoori-chef-hackensack,Tandoori Chef,https://s3-media3.fl.yelpcdn.com/bphoto/o4aJLUAX2heJW1mp19cSMw/o.jpg,False,https://www.yelp.com/biz/tandoori-chef-hackensack?adjust_creative=istl9jgw2i0Hp64EIdomvQ&utm_campaign=yelp_api_v3&utm_medium=api_v3_business_search&utm_source=istl9jgw2i0Hp64EIdomvQ,262,"[{'alias': 'indpak', 'title': 'Indian'}]",3.6,"{'latitude': 40.886348, 'longitude': -74.04149}","['pickup', 'delivery']",$$,"{'address1': '258 Main St', 'address2': '', 'address3': '', 'city': 'Hackensack', 'zip_code': '07601', 'country': 'US', 'state': 'NJ', 'display_address': ['258 Main St', 'Hackensack, NJ 07601']}",+12014570057,(201) 457-0057,7531.070613802361
45,7-I3pf_c9CAgNNa9e3nYjQ,zakirs-bakery-sweet-and-restaurant-paterson,Zakir's Bakery Sweet & Restaurant,https://s3-media3.fl.yelpcdn.com/bphoto/jw0uTThrNDz9cYPzzMPH3A/o.jpg,False,https://www.yelp.com/biz/zakirs-bakery-sweet-and-restaurant-paterson?adjust_creative=istl9jgw2i0Hp64EIdomvQ&utm_campaign=yelp_api_v3&utm_medium=api_v3_business_search&utm_source=istl9jgw2i0Hp64EIdomvQ,6,"[{'alias': 'bangladeshi', 'title': 'Bangladeshi'}, {'alias': 'bakeries', 'title': 'Bakeries'}, {'alias': 'indpak', 'title': 'Indian'}]",4.8,"{'latitude': 40.92003, 'longitude': -74.18658}",[],,"{'address1': '374 Union Ave', 'address2': '', 'address3': None, 'city': 'Paterson', 'zip_code': '07502', 'country': 'US', 'state': 'NJ', 'display_address': ['374 Union Ave', 'Paterson, NJ 07502']}",+19735950656,(973) 595-0656,9158.68278037258
47,SsqOSlThMBxpcNxF9ZkLDA,grand-indian-restaurant-bergenfield,Grand Indian Restaurant,https://s3-media2.fl.yelpcdn.com/bphoto/yj56wxtr6jtSEIJht_1PBA/o.jpg,False,https://www.yelp.com/biz/grand-indian-restaurant-bergenfield?adjust_creative=istl9jgw2i0Hp64EIdomvQ&utm_campaign=yelp_api_v3&utm_medium=api_v3_business_search&utm_source=istl9jgw2i0Hp64EIdomvQ,56,"[{'alias': 'indpak', 'title': 'Indian'}]",3.5,"{'latitude': 40.93605, 'longitude': -73.99612}","['pickup', 'delivery']",$,"{'address1': '22 Columbia Ave', 'address2': '', 'address3': '', 'city': 'Bergenfield', 'zip_code': '07621', 'country': 'US', 'state': 'NJ', 'display_address': ['22 Columbia Ave', 'Bergenfield, NJ 07621']}",+12013742828,(201) 374-2828,7406.04540684754
48,ZeHZX_OtQNAr3MSziKupAA,dinesh-curry-house-and-deli-wallington-3,Dinesh Curry House & Deli,https://s3-media3.fl.yelpcdn.com/bphoto/MMTadRJCYiKoX6uru-F4Aw/o.jpg,False,https://www.yelp.com/biz/dinesh-curry-house-and-deli-wallington-3?adjust_creative=istl9jgw2i0Hp64EIdomvQ&utm_campaign=yelp_api_v3&utm_medium=api_v3_business_search&utm_source=istl9jgw2i0Hp64EIdomvQ,22,"[{'alias': 'indpak', 'title': 'Indian'}]",4.2,"{'latitude': 40.853552, 'longitude': -74.110827}","['pickup', 'delivery']",,"{'address1': '109 Locust Ave', 'address2': None, 'address3': '', 'city': 'Wallington', 'zip_code': '07057', 'country': 'US', 'state': 'NJ', 'display_address': ['109 Locust Ave', 'Wallington, NJ 07057']}",+19733650055,(973) 365-0055,10568.56033375763
49,S4rVVgrtxqm37At80OaGkg,sitar-palace-orangeburg,Sitar Palace,https://s3-media2.fl.yelpcdn.com/bphoto/cx6-BCOicLXqvqrrTwBvdQ/o.jpg,False,https://www.yelp.com/biz/sitar-palace-orangeburg?adjust_creative=istl9jgw2i0Hp64EIdomvQ&utm_campaign=yelp_api_v3&utm_medium=api_v3_business_search&utm_source=istl9jgw2i0Hp64EIdomvQ,91,"[{'alias': 'indpak', 'title': 'Indian'}]",3.7,"{'latitude': 41.0444798, 'longitude': -73.9540636}","['pickup', 'delivery']",$$,"{'address1': '38 Orangetown Shopping Ctr', 'address2': '', 'address3': '', 'city': 'Orangeburg', 'zip_code': '10962', 'country': 'US', 'state': 'NY', 'display_address': ['38 Orangetown Shopping Ctr', 'Orangeburg, NY 10962']}",+18453650939,(845) 365-0939,15391.548619427062
50,vM6qn1pBqdK9QMLE3wpP7g,star-restaurant-paterson,Star Restaurant,https://s3-media2.fl.yelpcdn.com/bphoto/XX5zoNGUHerxBhxnbru-Ow/o.jpg,False,https://www.yelp.com/biz/star-restaurant-paterson?adjust_creative=istl9jgw2i0Hp64EIdomvQ&utm_campaign=yelp_api_v3&utm_medium=api_v3_business_search&utm_source=istl9jgw2i0Hp64EIdomvQ,9,"[{'alias': 'pakistani', 'title': 'Pakistani'}, {'alias': 'indpak', 'title': 'Indian'}, {'alias': 'bangladeshi', 'title': 'Bangladeshi'}]",3.4,"{'latitude': 40.9227, 'longitude': -74.19223}","['pickup', 'delivery']",,"{'address1': '326 Chamberlain Ave', 'address2': None, 'address3': None, 'city': 'Paterson', 'zip_code': '07502', 'country': 'US', 'state': 'NJ', 'display_address': ['326 Chamberlain Ave', 'Paterson, NJ 07502']}",+19736533208,(973) 653-3208,9522.024141005051
54,jRN12bcaeb2MjJoe2HmuJQ,dera-masala-grill-clifton-2,Dera Masala Grill,https://s3-media4.fl.yelpcdn.com/bphoto/h-vw9YPChKdsOGT5u67gEA/o.jpg,False,https://www.yelp.com/biz/dera-masala-grill-clifton-2?adjust_creative=istl9jgw2i0Hp64EIdomvQ&utm_campaign=yelp_api_v3&utm_medium=api_v3_business_search&utm_source=istl9jgw2i0Hp64EIdomvQ,98,"[{'alias': 'indpak', 'title': 'Indian'}, {'alias': 'halal', 'title': 'Halal'}, {'alias': 'pakistani', 'title': 'Pakistani'}]",2.8,"{'latitude': 40.8696791003385, 'longitude': -74.1687960550189}","['pickup', 'delivery']",$$,"{'address1': '741 Broad St', 'address2': '', 'address3': None, 'city': 'Clifton', 'zip_code': '07013', 'country': 'US', 'state': 'NJ', 'display_address': ['741 Broad St', 'Clifton, NJ 07013']}",+18622399300,(862) 239-9300,11142.160257198168
56,nCBrmhAgoWphXMjTW9Le9w,bornali-cafe-paterson,Bornali Cafe,https://s3-media2.fl.yelpcdn.com/bphoto/OFPr9dsApZ0tQbYbppefqw/o.jpg,False,https://www.yelp.com/biz/bornali-cafe-paterson?adjust_creative=istl9jgw2i0Hp64EIdomvQ&utm_campaign=yelp_api_v3&utm_medium=api_v3_business_search&utm_source=istl9jgw2i0Hp64EIdomvQ,8,"[{'alias': 'bangladeshi', 'title': 'Bangladeshi'}, {'alias': 'indpak', 'title': 'Indian'}, {'alias': 'halal', 'title': 'Halal'}]",4.0,"{'latitude': 40.91905, 'longitude': -74.18578}","['pickup', 'delivery']",,"{'address1': '130 Wayne Ave', 'address2': None, 'address3': '', 'city': 'Paterson', 'zip_code': '07502', 'country': 'US', 'state': 'NJ', 'display_address': ['130 Wayne Ave', 'Paterson, NJ 07502']}",,,9119.279002104322
58,p-DR97oh1JEjdknKaPK0Pw,fafda-jalebi-house-passaic-3,Fafda Jalebi House,https://s3-media3.fl.yelpcdn.com/bphoto/W_kOFTgWbiVY9i8WKnDDLA/o.jpg,False,https://www.yelp.com/biz/fafda-jalebi-house-passaic-3?adjust_creative=istl9jgw2i0Hp64EIdomvQ&utm_campaign=yelp_api_v3&utm_medium=api_v3_business_search&utm_source=istl9jgw2i0Hp64EIdomvQ,3,"[{'alias': 'indpak', 'title': 'Indian'}, {'alias': 'sandwiches', 'title': 'Sandwiches'}]",3.7,"{'latitude': 40.8601, 'longitude': -74.12825}","['pickup', 'delivery']",,"{'address1': '8 Garden St', 'address2': '', 'address3': None, 'city': 'Passaic', 'zip_code': '07055', 'country': 'US', 'state': 'NJ', 'display_address': ['8 Garden St', 'Passaic, NJ 07055']}",+12012144312,(201) 214-4312,10291.553568760748
60,mdJnnf1sIb2Cv5bzcSOqMQ,rivaaz-pequannock-township,Rivaaz,https://s3-media2.fl.yelpcdn.com/bphoto/XaIglvqwghfOn0aduHdNNw/o.jpg,False,https://www.yelp.com/biz/rivaaz-pequannock-township?adjust_creative=istl9jgw2i0Hp64EIdomvQ&utm_campaign=yelp_api_v3&utm_medium=api_v3_business_search&utm_source=istl9jgw2i0Hp64EIdomvQ,251,"[{'alias': 'gastropubs', 'title': 'Gastropubs'}, {'alias': 'indpak', 'title': 'Indian'}]",4.4,"{'latitude': 40.95184, 'longitude': -74.2793}","['pickup', 'delivery']",$$,"{'address1': '23 NJ-23', 'address2': '', 'address3': None, 'city': 'Pequannock Township', 'zip_code': '07440', 'country': 'US', 'state': 'NJ', 'display_address': ['23 NJ-23', 'Pequannock Township, NJ 07440']}",+19736866040,(973) 686-6040,6885.526644450515
61,qvbohx2d4tERMkjrjT7x8A,paheli-indian-cuisine-wayne,Paheli Indian Cuisine,https://s3-media4.fl.yelpcdn.com/bphoto/9JWENd4v59aLUSMlxkxiRQ/o.jpg,False,https://www.yelp.com/biz/paheli-indian-cuisine-wayne?adjust_creative=istl9jgw2i0Hp64EIdomvQ&utm_campaign=yelp_api_v3&utm_medium=api_v3_business_search&utm_source=istl9jgw2i0Hp64EIdomvQ,68,"[{'alias': 'indpak', 'title': 'Indian'}]",4.5,"{'latitude': 40.9624389, 'longitude': -74.2440671610253}","['pickup', 'delivery']",,"{'address1': '1210 Hamburg Tpke', 'address2': None, 'address3': None, 'city': 'Wayne', 'zip_code': '07470', 'country': 'US', 'state': 'NJ', 'display_address': ['1210 Hamburg Tpke', 'Wayne, NJ 07470']}",+19739873089,(973) 987-3089,7444.713383753841
63,ueApWwiCYcHOMXvERAOHVQ,the-new-la-neves-restaurant-and-caterers-haledon,"The ""New"" La Neve's Restaurant & Caterers",https://s3-media4.fl.yelpcdn.com/bphoto/UmTO1oZGONeqRzKXXDo4iw/o.jpg,False,https://www.yelp.com/biz/the-new-la-neves-restaurant-and-caterers-haledon?adjust_creative=istl9jgw2i0Hp64EIdomvQ&utm_campaign=yelp_api_v3&utm_medium=api_v3_business_search&utm_source=istl9jgw2i0Hp64EIdomvQ,62,"[{'alias': 'newamerican', 'title': 'New American'}, {'alias': 'indpak', 'title': 'Indian'}, {'alias': 'soulfood', 'title': 'Soul Food'}]",3.9,"{'latitude': 40.93235, 'longitude': -74.18353}",[],$$$,"{'address1': '276 Belmont Ave', 'address2': '', 'address3': '', 'city': 'Haledon', 'zip_code': '07508', 'country': 'US', 'state': 'NJ', 'display_address': ['276 Belmont Ave', 'Haledon, NJ 07508']}",+19737907105,(973) 790-7105,13438.201088453436
64,7-I3pf_c9CAgNNa9e3nYjQ,zakirs-bakery-sweet-and-restaurant-paterson,Zakir's Bakery Sweet & Restaurant,https://s3-media3.fl.yelpcdn.com/bphoto/jw0uTThrNDz9cYPzzMPH3A/o.jpg,False,https://www.yelp.com/biz/zakirs-bakery-sweet-and-restaurant-paterson?adjust_creative=istl9jgw2i0Hp64EIdomvQ&utm_campaign=yelp_api_v3&utm_medium=api_v3_business_search&utm_source=istl9jgw2i0Hp64EIdomvQ,6,"[{'alias': 'bangladeshi', 'title': 'Bangladeshi'}, {'alias': 'bakeries', 'title': 'Bakeries'}, {'alias': 'indpak', 'title': 'Indian'}]",4.8,"{'latitude': 40.92003, 'longitude': -74.18658}",[],,"{'address1': '374 Union Ave', 'address2': '', 'address3': None, 'city': 'Paterson', 'zip_code': '07502', 'country': 'US', 'state': 'NJ', 'display_address': ['374 Union Ave', 'Paterson, NJ 07502']}",+19735950656,(973) 595-0656,14182.116319311634
67,vM6qn1pBqdK9QMLE3wpP7g,star-restaurant-paterson,Star Restaurant,https://s3-media2.fl.yelpcdn.com/bphoto/XX5zoNGUHerxBhxnbru-Ow/o.jpg,False,https://www.yelp.com/biz/star-restaurant-paterson?adjust_creative=istl9jgw2i0Hp64EIdomvQ&utm_campaign=yelp_api_v3&utm_medium=api_v3_business_search&utm_source=istl9jgw2i0Hp64EIdomvQ,9,"[{'alias': 'pakistani', 'title': 'Pakistani'}, {'alias': 'indpak', 'title': 'Indian'}, {'alias': 'bangladeshi', 'title': 'Bangladeshi'}]",3.4,"{'latitude': 40.9227, 'longitude': -74.19223}","['pickup', 'delivery']",,"{'address1': '326 Chamberlain Ave', 'address2': None, 'address3': None, 'city': 'Paterson', 'zip_code': '07502', 'country': 'US', 'state': 'NJ', 'display_address': ['326 Chamberlain Ave', 'Paterson, NJ 07502']}",+19736533208,(973) 653-3208,13640.198751317736
68,nCBrmhAgoWphXMjTW9Le9w,bornali-cafe-paterson,Bornali Cafe,https://s3-media2.fl.yelpcdn.com/bphoto/OFPr9dsApZ0tQbYbppefqw/o.jpg,False,https://www.yelp.com/biz/bornali-cafe-paterson?adjust_creative=istl9jgw2i0Hp64EIdomvQ&utm_campaign=yelp_api_v3&utm_medium=api_v3_business_search&utm_source=istl9jgw2i0Hp64EIdomvQ,8,"[{'alias': 'bangladeshi', 'title': 'Bangladeshi'}, {'alias': 'indpak', 'title': 'Indian'}, {'alias': 'halal', 'title': 'Halal'}]",4.0,"{'latitude': 40.91905, 'longitude': -74.18578}","['pickup', 'delivery']",,"{'address1': '130 Wayne Ave', 'address2': None, 'address3': '', 'city': 'Paterson', 'zip_code': '07502', 'country': 'US', 'state': 'NJ', 'display_address': ['130 Wayne Ave', 'Paterson, NJ 07502']}",,,14317.55340698683
70,mF7pbbe097SdvUUrHjD5tQ,four-monkeys-summit,Four Monkeys,https://s3-media3.fl.yelpcdn.com/bphoto/PjvoqB4kGooAbzP0BzBcWA/o.jpg,False,https://www.yelp.com/biz/four-monkeys-summit?adjust_creative=istl9jgw2i0Hp64EIdomvQ&utm_campaign=yelp_api_v3&utm_medium=api_v3_business_search&utm_source=istl9jgw2i0Hp64EIdomvQ,101,"[{'alias': 'indpak', 'title': 'Indian'}]",4.3,"{'latitude': 40.71734839817546, 'longitude': -74.3560578}","['pickup', 'delivery']",,"{'address1': '83 Summit Ave', 'address2': '', 'address3': None, 'city': 'Summit', 'zip_code': '07901', 'country': 'US', 'state': 'NJ', 'display_address': ['83 Summit Ave', 'Summit, NJ 07901']}",+19084832288,(908) 483-2288,7387.113236422578
71,BKA9aR1KWjWsSe7CH01tXA,clove-garden-garwood-garwood,Clove Garden Garwood,https://s3-media1.fl.yelpcdn.com/bphoto/SzRf-5IQKmkD3fNQVA2y7w/o.jpg,False,https://www.yelp.com/biz/clove-garden-garwood-garwood?adjust_creative=istl9jgw2i0Hp64EIdomvQ&utm_campaign=yelp_api_v3&utm_medium=api_v3_business_search&utm_source=istl9jgw2i0Hp64EIdomvQ,39,"[{'alias': 'indpak', 'title': 'Indian'}]",4.7,"{'latitude': 40.653446, 'longitude': -74.325275}","['pickup', 'delivery']",,"{'address1': '348 North Ave', 'address2': None, 'address3': '', 'city': 'Garwood', 'zip_code': '07027', 'country': 'US', 'state': 'NJ', 'display_address': ['348 North Ave', 'Garwood, NJ 07027']}",+19088543661,(908) 854-3661,2510.4555770250527
72,3a-Ey6Hb61ouOZI2NKtOdQ,the-butter-chicken-factory-westfield,The Butter Chicken Factory,https://s3-media2.fl.yelpcdn.com/bphoto/i9yViuTaPGTIjZSAVUGHEA/o.jpg,False,https://www.yelp.com/biz/the-butter-chicken-factory-westfield?adjust_creative=istl9jgw2i0Hp64EIdomvQ&utm_campaign=yelp_api_v3&utm_medium=api_v3_business_search&utm_source=istl9jgw2i0Hp64EIdomvQ,85,"[{'alias': 'indpak', 'title': 'Indian'}]",4.5,"{'latitude': 40.649921109968474, 'longitude': -74.33936976564142}","['pickup', 'delivery']",,"{'address1': '261 South Avenue East', 'address2': None, 'address3': '', 'city': 'Westfield', 'zip_code': '07090', 'country': 'US', 'state': 'NJ', 'display_address': ['261 South Avenue East', 'Westfield, NJ 07090']}",+19088543750,(908) 854-3750,3732.65680178807
73,udXW3gmKrCvtwWH_L5tIng,spice-bazaar-modern-indian-dining-westfield-2,Spice Bazaar - Modern Indian Dining,https://s3-media3.fl.yelpcdn.com/bphoto/bOssS2T1Ud6oPcoTqlAGuQ/o.jpg,False,https://www.yelp.com/biz/spice-bazaar-modern-indian-dining-westfield-2?adjust_creative=istl9jgw2i0Hp64EIdomvQ&utm_campaign=yelp_api_v3&utm_medium=api_v3_business_search&utm_source=istl9jgw2i0Hp64EIdomvQ,514,"[{'alias': 'indpak', 'title': 'Indian'}]",4.1,"{'latitude': 40.650945, 'longitude': -74.3482282}","['pickup', 'delivery']",$$,"{'address1': '39 Elm St', 'address2': None, 'address3': '', 'city': 'Westfield', 'zip_code': '07090', 'country': 'US', 'state': 'NJ', 'display_address': ['39 Elm St', 'Westfield, NJ 07090']}",+19083891888,(908) 389-1888,4358.509924467583
74,kvEwaIol5uzKiHnVS5UnGw,masala-twist-and-grill-linden,Masala Twist and Grill,https://s3-media2.fl.yelpcdn.com/bphoto/wXqQyOTwmCunSZRhYx1a7Q/o.jpg,False,https://www.yelp.com/biz/masala-twist-and-grill-linden?adjust_creative=istl9jgw2i0Hp64EIdomvQ&utm_campaign=yelp_api_v3&utm_medium=api_v3_business_search&utm_source=istl9jgw2i0Hp64EIdomvQ,87,"[{'alias': 'indpak', 'title': 'Indian'}]",4.3,"{'latitude': 40.627058544232, 'longitude': -74.2670148611069}","['pickup', 'delivery']",,"{'address1': '628 N Stiles St', 'address2': '', 'address3': None, 'city': 'Linden', 'zip_code': '07036', 'country': 'US', 'state': 'NJ', 'display_address': ['628 N Stiles St', 'Linden, NJ 07036']}",+19083572165,(908) 357-2165,5168.051217669706
75,jHjYuk7MDJHtIg79jhbuZg,deep-indian-kitchen-union,Deep Indian Kitchen,https://s3-media3.fl.yelpcdn.com/bphoto/dxWSwogH-ddVR9y_NoJcKg/o.jpg,False,https://www.yelp.com/biz/deep-indian-kitchen-union?adjust_creative=istl9jgw2i0Hp64EIdomvQ&utm_campaign=yelp_api_v3&utm_medium=api_v3_business_search&utm_source=istl9jgw2i0Hp64EIdomvQ,44,"[{'alias': 'indpak', 'title': 'Indian'}, {'alias': 'pizza', 'title': 'Pizza'}]",4.0,"{'latitude': 40.69197931904984, 'longitude': -74.30063485978914}",[],,"{'address1': '1080 Springfield Rd', 'address2': '', 'address3': None, 'city': 'Union', 'zip_code': '07083', 'country': 'US', 'state': 'NJ', 'display_address': ['1080 Springfield Rd', 'Union, NJ 07083']}",,,2891.7189979668988
76,kgQB4y-0Rhjm0FVKyecdJw,star-of-india-restaurant-kenilworth,Star of India Restaurant,https://s3-media3.fl.yelpcdn.com/bphoto/jNYae1e0ptj19_ILm1BJcQ/o.jpg,False,https://www.yelp.com/biz/star-of-india-restaurant-kenilworth?adjust_creative=istl9jgw2i0Hp64EIdomvQ&utm_campaign=yelp_api_v3&utm_medium=api_v3_business_search&utm_source=istl9jgw2i0Hp64EIdomvQ,302,"[{'alias': 'indpak', 'title': 'Indian'}]",3.9,"{'latitude': 40.67628962826878, 'longitude': -74.2925077}","['pickup', 'delivery']",$$,"{'address1': '496 Blvd', 'address2': '', 'address3': '', 'city': 'Kenilworth', 'zip_code': '07033', 'country': 'US', 'state': 'NJ', 'display_address': ['496 Blvd', 'Kenilworth, NJ 07033']}",+19082726633,(908) 272-6633,1330.7743259299773
77,qztdDnLeBnH4gegT84JcUg,sonnys-indian-kitchen-chatham-3,Sonnys Indian Kitchen,https://s3-media1.fl.yelpcdn.com/bphoto/7k3OHBAmuris-nWfhI0Y8A/o.jpg,False,https://www.yelp.com/biz/sonnys-indian-kitchen-chatham-3?adjust_creative=istl9jgw2i0Hp64EIdomvQ&utm_campaign=yelp_api_v3&utm_medium=api_v3_business_search&utm_source=istl9jgw2i0Hp64EIdomvQ,123,"[{'alias': 'indpak', 'title': 'Indian'}]",4.6,"{'latitude': 40.74026, 'longitude': -74.38151}","['delivery', 'pickup']",,"{'address1': '225 Main St', 'address2': None, 'address3': '', 'city': 'Chatham', 'zip_code': '07928', 'country': 'US', 'state': 'NJ', 'display_address': ['225 Main St', 'Chatham, NJ 07928']}",+19735079462,(973) 507-9462,10713.478793000657
78,cTIXGhxyrRxTwhypzd20Tg,clove-12-restobar-iselin,Clove 12 Restobar,https://s3-media1.fl.yelpcdn.com/bphoto/VAuaJPQm0HIEi_37rRM1iw/o.jpg,False,https://www.yelp.com/biz/clove-12-restobar-iselin?adjust_creative=istl9jgw2i0Hp64EIdomvQ&utm_campaign=yelp_api_v3&utm_medium=api_v3_business_search&utm_source=istl9jgw2i0Hp64EIdomvQ,104,"[{'alias': 'indpak', 'title': 'Indian'}, {'alias': 'asianfusion', 'title': 'Asian Fusion'}, {'alias': 'cocktailbars', 'title': 'Cocktail Bars'}]",4.0,"{'latitude': 40.575160210064816, 'longitude': -74.324585}","['pickup', 'delivery']",$$,"{'address1': '42 Marconi Ave', 'address2': None, 'address3': '', 'city': 'Iselin', 'zip_code': '08830', 'country': 'US', 'state': 'NJ', 'display_address': ['42 Marconi Ave', 'Iselin, NJ 08830']}",+17329020059,(732) 902-0059,10300.436811176458
80,8xNhGFStbZkAN8HGtcP_1Q,bayleaf-redefined-indian-cuisine-south-orange-2,BayLeaf Redefined Indian Cuisine,https://s3-media2.fl.yelpcdn.com/bphoto/XhQSOjqQN-9Vwv0bOOtO_w/o.jpg,False,https://www.yelp.com/biz/bayleaf-redefined-indian-cuisine-south-orange-2?adjust_creative=istl9jgw2i0Hp64EIdomvQ&utm_campaign=yelp_api_v3&utm_medium=api_v3_business_search&utm_source=istl9jgw2i0Hp64EIdomvQ,185,"[{'alias': 'indpak', 'title': 'Indian'}]",4.0,"{'latitude': 40.74583, 'longitude': -74.2569}","['pickup', 'restaurant_reservation', 'delivery']",$$,"{'address1': '115 S Orange Ave', 'address2': None, 'address3': '', 'city': 'South Orange', 'zip_code': '07079', 'country': 'US', 'state': 'NJ', 'display_address': ['115 S Orange Ave', 'South Orange, NJ 07079']}",+19733274989,(973) 327-4989,9598.233774307759
81,ej2ey1sysVYFls4bjfkjKw,mejwaani-edison-nj,Mejwaani,https://s3-media2.fl.yelpcdn.com/bphoto/dZjgoIRZ3ZaYbOM1riKl-Q/o.jpg,False,https://www.yelp.com/biz/mejwaani-edison-nj?adjust_creative=istl9jgw2i0Hp64EIdomvQ&utm_campaign=yelp_api_v3&utm_medium=api_v3_business_search&utm_source=istl9jgw2i0Hp64EIdomvQ,299,"[{'alias': 'indpak', 'title': 'Indian'}]",4.4,"{'latitude': 40.59540372683838, 'longitude': -74.3640822}","['pickup', 'delivery']",$$,"{'address1': '1103 Inman Ave', 'address2': None, 'address3': '', 'city': 'Edison NJ', 'zip_code': '08820', 'country': 'US', 'state': 'NJ', 'display_address': ['1103 Inman Ave', 'Edison NJ, NJ 08820']}",+19082797460,(908) 279-7460,9505.712796744208
82,qUraxsVOyvQ60ELLhFSDVA,red-pepper-scotch-plains,Red Pepper,https://s3-media4.fl.yelpcdn.com/bphoto/kBMZv1yf6N6up9Ao27Jc_w/o.jpg,False,https://www.yelp.com/biz/red-pepper-scotch-plains?adjust_creative=istl9jgw2i0Hp64EIdomvQ&utm_campaign=yelp_api_v3&utm_medium=api_v3_business_search&utm_source=istl9jgw2i0Hp64EIdomvQ,245,"[{'alias': 'indpak', 'title': 'Indian'}]",3.9,"{'latitude': 40.6644669727947, 'longitude': -74.38683802944794}","['pickup', 'delivery']",$$,"{'address1': '2520 Rt 22 E', 'address2': '', 'address3': '', 'city': 'Scotch Plains', 'zip_code': '07076', 'country': 'US', 'state': 'NJ', 'display_address': ['2520 Rt 22 E', 'Scotch Plains, NJ 07076']}",+19082335511,(908) 233-5511,7283.471023614979
83,r5LG5dHWwth4A--dfYSfIQ,tandoori-chef-2-maplewood,Tandoori Chef 2,https://s3-media4.fl.yelpcdn.com/bphoto/Mb5-GKgtz2poW1vQuYjwNQ/o.jpg,False,https://www.yelp.com/biz/tandoori-chef-2-maplewood?adjust_creative=istl9jgw2i0Hp64EIdomvQ&utm_campaign=yelp_api_v3&utm_medium=api_v3_business_search&utm_source=istl9jgw2i0Hp64EIdomvQ,178,"[{'alias': 'indpak', 'title': 'Indian'}]",3.7,"{'latitude': 40.73077133147892, 'longitude': -74.27755839999999}","['pickup', 'delivery']",$$,"{'address1': '168 Maplewood Ave', 'address2': '', 'address3': '', 'city': 'Maplewood', 'zip_code': '07040', 'country': 'US', 'state': 'NJ', 'display_address': ['168 Maplewood Ave', 'Maplewood, NJ 07040']}",+19737636770,(973) 763-6770,7460.381447652266
84,sMRFjahKa5nYwEn-NGHOig,nagpuri-saoji-woodbridge-township,Nagpuri Saoji,https://s3-media1.fl.yelpcdn.com/bphoto/Q0ybUzVaQo8GEqUVsp3Y7Q/o.jpg,False,https://www.yelp.com/biz/nagpuri-saoji-woodbridge-township?adjust_creative=istl9jgw2i0Hp64EIdomvQ&utm_campaign=yelp_api_v3&utm_medium=api_v3_business_search&utm_source=istl9jgw2i0Hp64EIdomvQ,15,"[{'alias': 'indpak', 'title': 'Indian'}, {'alias': 'bars', 'title': 'Bars'}]",4.5,"{'latitude': 40.5731871, 'longitude': -74.32849034381776}",[],,"{'address1': '1477 Oak Tree Rd', 'address2': '', 'address3': None, 'city': 'Woodbridge Township', 'zip_code': '08830', 'country': 'US', 'state': 'NJ', 'display_address': ['1477 Oak Tree Rd', 'Woodbridge Township, NJ 08830']}",+17325820697,(732) 582-0697,10584.262588800384
85,22iHHysQZwshJvcvcnLKhQ,atithya-kathiyawadi-iselin,Atithya Kathiyawadi,https://s3-media1.fl.yelpcdn.com/bphoto/s5JKqRYPHjg64izFatvzxg/o.jpg,False,https://www.yelp.com/biz/atithya-kathiyawadi-iselin?adjust_creative=istl9jgw2i0Hp64EIdomvQ&utm_campaign=yelp_api_v3&utm_medium=api_v3_business_search&utm_source=istl9jgw2i0Hp64EIdomvQ,19,"[{'alias': 'indpak', 'title': 'Indian'}]",4.5,"{'latitude': 40.569348, 'longitude': -74.32323310000001}","['delivery', 'pickup']",,"{'address1': '37 Gill In', 'address2': None, 'address3': '', 'city': 'Iselin', 'zip_code': '08830', 'country': 'US', 'state': 'NJ', 'display_address': ['37 Gill In', 'Iselin, NJ 08830']}",+17327103194,(732) 710-3194,10914.149858694915
86,OMWDnzl2YHQdwYQjVzKqgA,kesar-s-an-indian-thali-edison,Kesars- An Indian Thali,https://s3-media3.fl.yelpcdn.com/bphoto/UM7iCXTE2OgUWWxiNkccgw/o.jpg,False,https://www.yelp.com/biz/kesar-s-an-indian-thali-edison?adjust_creative=istl9jgw2i0Hp64EIdomvQ&utm_campaign=yelp_api_v3&utm_medium=api_v3_business_search&utm_source=istl9jgw2i0Hp64EIdomvQ,32,"[{'alias': 'indpak', 'title': 'Indian'}]",3.9,"{'latitude': 40.5736, 'longitude': -74.3458}","['pickup', 'delivery']",$$,"{'address1': '1700 Oak Tree Rd', 'address2': 'Ste 17', 'address3': '', 'city': 'Edison', 'zip_code': '08820', 'country': 'US', 'state': 'NJ', 'display_address': ['1700 Oak Tree Rd', 'Ste 17', 'Edison, NJ 08820']}",+17327167000,(732) 716-7000,10912.446137406407
89,yJzda7dA2yD0JOzixAZlcw,eggholic-edison-4,EggHolic,https://s3-media2.fl.yelpcdn.com/bphoto/G8YRgsBfLLzKsFfgfVu6cQ/o.jpg,False,https://www.yelp.com/biz/eggholic-edison-4?adjust_creative=istl9jgw2i0Hp64EIdomvQ&utm_campaign=yelp_api_v3&utm_medium=api_v3_business_search&utm_source=istl9jgw2i0Hp64EIdomvQ,22,"[{'alias': 'indpak', 'title': 'Indian'}, {'alias': 'streetvendors', 'title': 'Street Vendors'}, {'alias': 'vegetarian', 'title': 'Vegetarian'}]",4.0,"{'latitude': 40.572022291126906, 'longitude': -74.3433659}","['pickup', 'delivery']",,"{'address1': '1679 Oaktree Rd', 'address2': None, 'address3': '', 'city': 'Edison', 'zip_code': '08820', 'country': 'US', 'state': 'NJ', 'display_address': ['1679 Oaktree Rd', 'Edison, NJ 08820']}",+18484487799,(848) 448-7799,11055.466615068312
90,OP2M0Yb4P6S64h0xFdSvsQ,indian-kitchen-and-grill-madison,Indian Kitchen & Grill,https://s3-media3.fl.yelpcdn.com/bphoto/PMPO7mKdGxdlXgVlG9Mwbw/o.jpg,False,https://www.yelp.com/biz/indian-kitchen-and-grill-madison?adjust_creative=istl9jgw2i0Hp64EIdomvQ&utm_campaign=yelp_api_v3&utm_medium=api_v3_business_search&utm_source=istl9jgw2i0Hp64EIdomvQ,369,"[{'alias': 'indpak', 'title': 'Indian'}]",4.2,"{'latitude': 40.7496925, 'longitude': -74.4000004}","['pickup', 'delivery']",$$,"{'address1': '300 Main St', 'address2': '', 'address3': '', 'city': 'Madison', 'zip_code': '07940', 'country': 'US', 'state': 'NJ', 'display_address': ['300 Main St', 'Madison, NJ 07940']}",+19736609100,(973) 660-9100,12540.403355058128
91,oRTrer4FQi0VmICNpEK3ew,khalsa-sweet-house-carteret,Khalsa Sweet House,https://s3-media2.fl.yelpcdn.com/bphoto/6SCTVjCKqT8QNPJ3bnhsZg/o.jpg,False,https://www.yelp.com/biz/khalsa-sweet-house-carteret?adjust_creative=istl9jgw2i0Hp64EIdomvQ&utm_campaign=yelp_api_v3&utm_medium=api_v3_business_search&utm_source=istl9jgw2i0Hp64EIdomvQ,34,"[{'alias': 'indpak', 'title': 'Indian'}, {'alias': 'desserts', 'title': 'Desserts'}]",4.3,"{'latitude': 40.5884556161307, 'longitude': -74.2280758917332}","['pickup', 'delivery']",$$,"{'address1': '783 Roosevelt Ave', 'address2': '', 'address3': '', 'city': 'Carteret', 'zip_code': '07008', 'country': 'US', 'state': 'NJ', 'display_address': ['783 Roosevelt Ave', 'Carteret, NJ 07008']}",+17325416900,(732) 541-6900,10567.030270819861
92,PMW6BWzFvjI--okTQ4CVQg,bombay-blue-indian-bistro-edison,Bombay Blue Indian Bistro,https://s3-media2.fl.yelpcdn.com/bphoto/jDnYgMFOjoVMq5mmWDJH_g/o.jpg,False,https://www.yelp.com/biz/bombay-blue-indian-bistro-edison?adjust_creative=istl9jgw2i0Hp64EIdomvQ&utm_campaign=yelp_api_v3&utm_medium=api_v3_business_search&utm_source=istl9jgw2i0Hp64EIdomvQ,362,"[{'alias': 'indpak', 'title': 'Indian'}, {'alias': 'chinese', 'title': 'Chinese'}, {'alias': 'seafood', 'title': 'Seafood'}]",4.0,"{'latitude': 40.5739746689842, 'longitude': -74.3669636109413}",['delivery'],$$,"{'address1': '1963 Oak Tree Rd', 'address2': 'Ste 2', 'address3': None, 'city': 'Edison', 'zip_code': '08820', 'country': 'US', 'state': 'NJ', 'display_address': ['1963 Oak Tree Rd', 'Ste 2', 'Edison, NJ 08820']}",+17329026099,(732) 902-6099,11666.630863699622
95,K2TtA0jOj6w3ywEGw2kI1Q,bombay-spice-iselin,Bombay Spice,https://s3-media1.fl.yelpcdn.com/bphoto/AvkkPL9BSwqcVEQ74bj8xA/o.jpg,False,https://www.yelp.com/biz/bombay-spice-iselin?adjust_creative=istl9jgw2i0Hp64EIdomvQ&utm_campaign=yelp_api_v3&utm_medium=api_v3_business_search&utm_source=istl9jgw2i0Hp64EIdomvQ,20,"[{'alias': 'indpak', 'title': 'Indian'}]",4.0,"{'latitude': 40.5738759107401, 'longitude': -74.3264597373005}","['pickup', 'delivery']",$$,"{'address1': '1396 Oak Tree Rd', 'address2': '', 'address3': '', 'city': 'Iselin', 'zip_code': '08830', 'country': 'US', 'state': 'NJ', 'display_address': ['1396 Oak Tree Rd', 'Iselin, NJ 08830']}",+18484599729,(848) 459-9729,10472.428626622173
96,vSiY8dfgvx8f3xO1HunYUA,bombay-paratha-woodbridge-township-6,Bombay paratha,https://s3-media4.fl.yelpcdn.com/bphoto/EaEHZop575O7Ot7rTnrNnw/o.jpg,False,https://www.yelp.com/biz/bombay-paratha-woodbridge-township-6?adjust_creative=istl9jgw2i0Hp64EIdomvQ&utm_campaign=yelp_api_v3&utm_medium=api_v3_business_search&utm_source=istl9jgw2i0Hp64EIdomvQ,22,"[{'alias': 'indpak', 'title': 'Indian'}]",4.4,"{'latitude': 40.5738540453185, 'longitude': -74.3262923764159}",['delivery'],,"{'address1': '1392 Oak Tree Rd', 'address2': '', 'address3': None, 'city': 'Woodbridge Township', 'zip_code': '08830', 'country': 'US', 'state': 'NJ', 'display_address': ['1392 Oak Tree Rd', 'Woodbridge Township, NJ 08830']}",+17327716364,(732) 771-6364,10471.861487964146
97,nDawlkuq6Tjy32kO4DNMwQ,ammas-kitchen-edison,Amma's Kitchen,https://s3-media4.fl.yelpcdn.com/bphoto/gi1LZNHHAQqqh0GA6cYp6A/o.jpg,False,https://www.yelp.com/biz/ammas-kitchen-edison?adjust_creative=istl9jgw2i0Hp64EIdomvQ&utm_campaign=yelp_api_v3&utm_medium=api_v3_business_search&utm_source=istl9jgw2i0Hp64EIdomvQ,116,"[{'alias': 'indpak', 'title': 'Indian'}, {'alias': 'seafood', 'title': 'Seafood'}, {'alias': 'breakfast_brunch', 'title': 'Breakfast & Brunch'}]",3.8,"{'latitude': 40.5718538865411, 'longitude': -74.3417632662207}","['pickup', 'delivery']",$,"{'address1': '1671 Oak Tree Rd', 'address2': None, 'address3': '', 'city': 'Edison', 'zip_code': '08820', 'country': 'US', 'state': 'NJ', 'display_address': ['1671 Oak Tree Rd', 'Edison, NJ 08820']}",+17323541363,(732) 354-1363,11029.716193912443
98,-9GYv-4dNcog3HlK6T4vAA,famous-dhaba-carteret,Famous Dhaba,https://s3-media3.fl.yelpcdn.com/bphoto/DckpmoqQ4FN1X811Xf-98Q/o.jpg,False,https://www.yelp.com/biz/famous-dhaba-carteret?adjust_creative=istl9jgw2i0Hp64EIdomvQ&utm_campaign=yelp_api_v3&utm_medium=api_v3_business_search&utm_source=istl9jgw2i0Hp64EIdomvQ,25,"[{'alias': 'indpak', 'title': 'Indian'}, {'alias': 'newamerican', 'title': 'New American'}, {'alias': 'breakfast_brunch', 'title': 'Breakfast & Brunch'}]",4.2,"{'latitude': 40.592839, 'longitude': -74.242627}","['pickup', 'delivery']",,"{'address1': '1293 Roosevelt Ave', 'address2': 'Ste C 101', 'address3': '', 'city': 'Carteret', 'zip_code': '07008', 'country': 'US', 'state': 'NJ', 'display_address': ['1293 Roosevelt Ave', 'Ste C 101', 'Carteret, NJ 07008']}",+17323520628,(732) 352-0628,9493.916482617935
100,321dvWH3DwQE4uaVJX2Kvg,sigri-indian-bbq-newark,Sigri Indian BBQ,https://s3-media2.fl.yelpcdn.com/bphoto/9DF9ZCXZ1oZ_brrY7uQY9A/o.jpg,False,https://www.yelp.com/biz/sigri-indian-bbq-newark?adjust_creative=istl9jgw2i0Hp64EIdomvQ&utm_campaign=yelp_api_v3&utm_medium=api_v3_business_search&utm_source=istl9jgw2i0Hp64EIdomvQ,78,"[{'alias': 'indpak', 'title': 'Indian'}, {'alias': 'bbq', 'title': 'Barbeque'}]",4.1,"{'latitude': 40.74240619195804, 'longitude': -74.17369730817033}","['pickup', 'delivery']",$,"{'address1': '155 University Ave', 'address2': None, 'address3': '', 'city': 'Newark', 'zip_code': '07102', 'country': 'US', 'state': 'NJ', 'display_address': ['155 University Ave', 'Newark, NJ 07102']}",+19735961114,(973) 596-1114,13656.358526677095
101,N5Uk16aIlm0WlWbj06-DDA,egg-hungers-edison,Egg Hungers,https://s3-media1.fl.yelpcdn.com/bphoto/GTUsz3E9ABOEt2igMRX5MA/o.jpg,False,https://www.yelp.com/biz/egg-hungers-edison?adjust_creative=istl9jgw2i0Hp64EIdomvQ&utm_campaign=yelp_api_v3&utm_medium=api_v3_business_search&utm_source=istl9jgw2i0Hp64EIdomvQ,12,"[{'alias': 'breakfast_brunch', 'title': 'Breakfast & Brunch'}, {'alias': 'indpak', 'title': 'Indian'}]",4.0,"{'latitude': 40.574105612869985, 'longitude': -74.3458986532447}","['pickup', 'delivery']",,"{'address1': '1700 Oak Tree Rd', 'address2': 'Ste 19', 'address3': None, 'city': 'Edison', 'zip_code': '08820', 'country': 'US', 'state': 'NJ', 'display_address': ['1700 Oak Tree Rd', 'Ste 19', 'Edison, NJ 08820']}",+17325159889,(732) 515-9889,10910.027692654923
102,svS70WtwCdlGriuhL1Gt4A,moghul-edison-3,Moghul,https://s3-media2.fl.yelpcdn.com/bphoto/AM3P6RGm1h0spvpsLdQmEQ/o.jpg,False,https://www.yelp.com/biz/moghul-edison-3?adjust_creative=istl9jgw2i0Hp64EIdomvQ&utm_campaign=yelp_api_v3&utm_medium=api_v3_business_search&utm_source=istl9jgw2i0Hp64EIdomvQ,375,"[{'alias': 'indpak', 'title': 'Indian'}, {'alias': 'halal', 'title': 'Halal'}, {'alias': 'buffets', 'title': 'Buffets'}]",3.4,"{'latitude': 40.57078, 'longitude': -74.339548}",['pickup'],$$,"{'address1': '1655-195 Oak Tree Rd', 'address2': '', 'address3': '', 'city': 'Edison', 'zip_code': '08820', 'country': 'US', 'state': 'NJ', 'display_address': ['1655-195 Oak Tree Rd', 'Edison, NJ 08820']}",+17325495050,(732) 549-5050,11086.085648598788
103,7OfXg6zP6Yw9jlJ_xo288w,indian-xpress-short-hills,Indian Xpress,https://s3-media2.fl.yelpcdn.com/bphoto/mzT3BRo7lb-X5HRLBzWDbA/o.jpg,False,https://www.yelp.com/biz/indian-xpress-short-hills?adjust_creative=istl9jgw2i0Hp64EIdomvQ&utm_campaign=yelp_api_v3&utm_medium=api_v3_business_search&utm_source=istl9jgw2i0Hp64EIdomvQ,12,"[{'alias': 'indpak', 'title': 'Indian'}]",3.6,"{'latitude': 40.7252684, 'longitude': -74.3252561}","['pickup', 'delivery']",,"{'address1': '40 Chatham Rd', 'address2': '', 'address3': None, 'city': 'Short Hills', 'zip_code': '07078', 'country': 'US', 'state': 'NJ', 'display_address': ['40 Chatham Rd', 'Short Hills, NJ 07078']}",+19739442360,(973) 944-2360,6918.4396776029735
104,TdDwvcgWYM8I4Jhiyd0mog,calcutta-wok-woodbridge-township,Calcutta Wok,https://s3-media3.fl.yelpcdn.com/bphoto/v6kHDw-yO5DL7brr78uHtw/o.jpg,False,https://www.yelp.com/biz/calcutta-wok-woodbridge-township?adjust_creative=istl9jgw2i0Hp64EIdomvQ&utm_campaign=yelp_api_v3&utm_medium=api_v3_business_search&utm_source=istl9jgw2i0Hp64EIdomvQ,92,"[{'alias': 'chinese', 'title': 'Chinese'}, {'alias': 'indpak', 'title': 'Indian'}]",3.8,"{'latitude': 40.5727942511618, 'longitude': -74.3333876121909}","['pickup', 'delivery']",$$,"{'address1': '1585 Oak Tree Rd', 'address2': '', 'address3': '', 'city': 'Woodbridge Township', 'zip_code': '08820', 'country': 'US', 'state': 'NJ', 'display_address': ['1585 Oak Tree Rd', 'Woodbridge Township, NJ 08820']}",+17323794655,(732) 379-4655,10726.289869967915
105,PpMn1h8Vxn6WHmozRFPeOA,dhaba-edison-edison-2,Dhaba Edison,https://s3-media1.fl.yelpcdn.com/bphoto/bEcvBst3m5UGakiZSfk89A/o.jpg,False,https://www.yelp.com/biz/dhaba-edison-edison-2?adjust_creative=istl9jgw2i0Hp64EIdomvQ&utm_campaign=yelp_api_v3&utm_medium=api_v3_business_search&utm_source=istl9jgw2i0Hp64EIdomvQ,27,"[{'alias': 'indpak', 'title': 'Indian'}]",3.3,"{'latitude': 40.57271, 'longitude': -74.34219}","['pickup', 'delivery']",,"{'address1': '1673 Oak Tree Rd', 'address2': '', 'address3': None, 'city': 'Edison', 'zip_code': '08820', 'country': 'US', 'state': 'NJ', 'display_address': ['1673 Oak Tree Rd', 'Edison, NJ 08820']}",+17325481803,(732) 548-1803,10976.951176581777
107,ZZe3hb__sk5lddJF87LtLw,chefs-table-edison,Chef's Table,https://s3-media2.fl.yelpcdn.com/bphoto/LrA70aCylfN20ZKYPEi7_Q/o.jpg,False,https://www.yelp.com/biz/chefs-table-edison?adjust_creative=istl9jgw2i0Hp64EIdomvQ&utm_campaign=yelp_api_v3&utm_medium=api_v3_business_search&utm_source=istl9jgw2i0Hp64EIdomvQ,251,"[{'alias': 'indpak', 'title': 'Indian'}, {'alias': 'buffets', 'title': 'Buffets'}, {'alias': 'panasian', 'title': 'Pan Asian'}]",3.4,"{'latitude': 40.5771128518172, 'longitude': -74.383562826583}","['pickup', 'delivery']",$$,"{'address1': '2161 Oak Tree Rd', 'address2': '', 'address3': None, 'city': 'Edison', 'zip_code': '08820', 'country': 'US', 'state': 'NJ', 'display_address': ['2161 Oak Tree Rd', 'Edison, NJ 08820']}",+19087552433,(908) 755-2433,12114.85632157694
108,KRF1Qy23RnIr1HfR3mT8Lw,rajdhani-restaurant-edison,Rajdhani Restaurant,https://s3-media4.fl.yelpcdn.com/bphoto/xmeL24GHoKwaimhVjbNb2g/o.jpg,False,https://www.yelp.com/biz/rajdhani-restaurant-edison?adjust_creative=istl9jgw2i0Hp64EIdomvQ&utm_campaign=yelp_api_v3&utm_medium=api_v3_business_search&utm_source=istl9jgw2i0Hp64EIdomvQ,33,"[{'alias': 'indpak', 'title': 'Indian'}, {'alias': 'buffets', 'title': 'Buffets'}, {'alias': 'vegetarian', 'title': 'Vegetarian'}]",3.5,"{'latitude': 40.572497966157755, 'longitude': -74.34183775488263}","['pickup', 'delivery']",,"{'address1': '1667 Oak Tree Rd', 'address2': None, 'address3': '', 'city': 'Edison', 'zip_code': '08820', 'country': 'US', 'state': 'NJ', 'display_address': ['1667 Oak Tree Rd', 'Edison, NJ 08820']}",+19082229799,(908) 222-9799,10963.777413242105
109,ac2JW6d4GAATQsPIjaTWiw,new-shan-e-punjab-iselin,New Shan-E-Punjab,https://s3-media1.fl.yelpcdn.com/bphoto/B2y-OV1PyNADkwgB5RwApQ/o.jpg,False,https://www.yelp.com/biz/new-shan-e-punjab-iselin?adjust_creative=istl9jgw2i0Hp64EIdomvQ&utm_campaign=yelp_api_v3&utm_medium=api_v3_business_search&utm_source=istl9jgw2i0Hp64EIdomvQ,48,"[{'alias': 'indpak', 'title': 'Indian'}]",3.9,"{'latitude': 40.572921, 'longitude': -74.318031}","['pickup', 'delivery']",$,"{'address1': '1192 Green St', 'address2': None, 'address3': '', 'city': 'Iselin', 'zip_code': '08830', 'country': 'US', 'state': 'NJ', 'display_address': ['1192 Green St', 'Iselin, NJ 08830']}",+17322832122,(732) 283-2122,10454.931995736042
110,ybdDbDDppPgoLVEQA5MAUA,sri-dosa-place-iselin,Sri Dosa Place,https://s3-media1.fl.yelpcdn.com/bphoto/KTUYjxriNwsJf9b_DkkLuA/o.jpg,False,https://www.yelp.com/biz/sri-dosa-place-iselin?adjust_creative=istl9jgw2i0Hp64EIdomvQ&utm_campaign=yelp_api_v3&utm_medium=api_v3_business_search&utm_source=istl9jgw2i0Hp64EIdomvQ,196,"[{'alias': 'indpak', 'title': 'Indian'}]",3.9,"{'latitude': 40.57223386871446, 'longitude': -74.32386509999999}","['pickup', 'delivery']",$,"{'address1': '271 Rt 27', 'address2': '', 'address3': '', 'city': 'Iselin', 'zip_code': '08830', 'country': 'US', 'state': 'NJ', 'display_address': ['271 Rt 27', 'Iselin, NJ 08830']}",+17322185138,(732) 218-5138,10608.177529590435
111,-WVTc2x7MjnpPlfw1KZOHw,tabaq-restaurant-and-bbq-edison,Tabaq Restaurant & BBQ,https://s3-media1.fl.yelpcdn.com/bphoto/aA_Xip-Xi-enF4c5coU-mQ/o.jpg,False,https://www.yelp.com/biz/tabaq-restaurant-and-bbq-edison?adjust_creative=istl9jgw2i0Hp64EIdomvQ&utm_campaign=yelp_api_v3&utm_medium=api_v3_business_search&utm_source=istl9jgw2i0Hp64EIdomvQ,457,"[{'alias': 'pakistani', 'title': 'Pakistani'}, {'alias': 'indpak', 'title': 'Indian'}]",3.7,"{'latitude': 40.572603878308, 'longitude': -74.3373043123364}","['pickup', 'delivery']",$$,"{'address1': '1625 Oak Tree Rd', 'address2': '', 'address3': '', 'city': 'Edison', 'zip_code': '08820', 'country': 'US', 'state': 'NJ', 'display_address': ['1625 Oak Tree Rd', 'Edison, NJ 08820']}",+17322439829,(732) 243-9829,10836.814662024477
112,k4NALm_7b2G9dj1REJGMdw,eggmania-iselin,EggMania,https://s3-media2.fl.yelpcdn.com/bphoto/6FOw3mPmTTR73deW4mCE-w/o.jpg,False,https://www.yelp.com/biz/eggmania-iselin?adjust_creative=istl9jgw2i0Hp64EIdomvQ&utm_campaign=yelp_api_v3&utm_medium=api_v3_business_search&utm_source=istl9jgw2i0Hp64EIdomvQ,187,"[{'alias': 'indpak', 'title': 'Indian'}]",3.3,"{'latitude': 40.5734105462541, 'longitude': -74.3321085374917}","['pickup', 'delivery']",$$,"{'address1': '1546 Oak Tree Rd', 'address2': None, 'address3': '', 'city': 'Iselin', 'zip_code': '08830', 'country': 'US', 'state': 'NJ', 'display_address': ['1546 Oak Tree Rd', 'Iselin, NJ 08830']}",+17323794959,(732) 379-4959,10632.512091051978
114,r8mBcKFCRyK5gKg3Z67QQw,new-masala-grill-restaurant-colonia,New Masala Grill Restaurant,https://s3-media1.fl.yelpcdn.com/bphoto/NUjoy6WkE7xMNGRGF_AZ8Q/o.jpg,False,https://www.yelp.com/biz/new-masala-grill-restaurant-colonia?adjust_creative=istl9jgw2i0Hp64EIdomvQ&utm_campaign=yelp_api_v3&utm_medium=api_v3_business_search&utm_source=istl9jgw2i0Hp64EIdomvQ,21,"[{'alias': 'pakistani', 'title': 'Pakistani'}, {'alias': 'indpak', 'title': 'Indian'}, {'alias': 'bangladeshi', 'title': 'Bangladeshi'}]",3.5,"{'latitude': 40.5797852575779, 'longitude': -74.2940521985292}",['pickup'],$,"{'address1': '1203 Saint Georges Ave', 'address2': '', 'address3': '', 'city': 'Colonia', 'zip_code': '07067', 'country': 'US', 'state': 'NJ', 'display_address': ['1203 Saint Georges Ave', 'Colonia, NJ 07067']}",+17327501100,(732) 750-1100,9599.169290384241
116,1jHX_Q79OjC9PtTsnseANQ,taj-mahal-lunch-truck-newark,Taj Mahal Lunch Truck,https://s3-media1.fl.yelpcdn.com/bphoto/VVsp-QlyprdfXG0iNjknHg/o.jpg,False,https://www.yelp.com/biz/taj-mahal-lunch-truck-newark?adjust_creative=istl9jgw2i0Hp64EIdomvQ&utm_campaign=yelp_api_v3&utm_medium=api_v3_business_search&utm_source=istl9jgw2i0Hp64EIdomvQ,20,"[{'alias': 'foodtrucks', 'title': 'Food Trucks'}, {'alias': 'indpak', 'title': 'Indian'}]",3.8,"{'latitude': 40.740898480862974, 'longitude': -74.1785516}",['delivery'],$,"{'address1': '138 Warren St', 'address2': '', 'address3': '', 'city': 'Newark', 'zip_code': '07103', 'country': 'US', 'state': 'NJ', 'display_address': ['138 Warren St', 'Newark, NJ 07103']}",+17327638611,(732) 763-8611,13232.394490551222
117,GcZvNZtHiQYluLx43kk00Q,india-palace-rahway-4,India Palace,https://s3-media4.fl.yelpcdn.com/bphoto/O7q_XpRQ6rfCdRp4egbwzw/o.jpg,False,https://www.yelp.com/biz/india-palace-rahway-4?adjust_creative=istl9jgw2i0Hp64EIdomvQ&utm_campaign=yelp_api_v3&utm_medium=api_v3_business_search&utm_source=istl9jgw2i0Hp64EIdomvQ,139,"[{'alias': 'indpak', 'title': 'Indian'}]",3.9,"{'latitude': 40.5942381, 'longitude': -74.2911029}","['pickup', 'delivery']",$$,"{'address1': '124 New Jersey 27', 'address2': '', 'address3': '', 'city': 'Rahway', 'zip_code': '07065', 'country': 'US', 'state': 'NJ', 'display_address': ['124 New Jersey 27', 'Rahway, NJ 07065']}",+17329432379,(732) 943-2379,8051.593727474124
118,0ORwxqRAliQvbYMIND19FQ,masala-cafe-newark-3,Masala Cafe,https://s3-media4.fl.yelpcdn.com/bphoto/jadMSC0bqmt5BWzMq0EMYQ/o.jpg,False,https://www.yelp.com/biz/masala-cafe-newark-3?adjust_creative=istl9jgw2i0Hp64EIdomvQ&utm_campaign=yelp_api_v3&utm_medium=api_v3_business_search&utm_source=istl9jgw2i0Hp64EIdomvQ,72,"[{'alias': 'indpak', 'title': 'Indian'}, {'alias': 'halal', 'title': 'Halal'}, {'alias': 'delis', 'title': 'Delis'}]",3.8,"{'latitude': 40.7376, 'longitude': -74.17251}","['pickup', 'delivery']",$$,"{'address1': '27 Academy St', 'address2': None, 'address3': '', 'city': 'Newark', 'zip_code': '07102', 'country': 'US', 'state': 'NJ', 'display_address': ['27 Academy St', 'Newark, NJ 07102']}",+19738770993,(973) 877-0993,13411.29709058777
119,PBGNNRhgaSy5_zvt6cw0Dg,deccan-spice-edison-edison,Deccan Spice - Edison,https://s3-media4.fl.yelpcdn.com/bphoto/th_iPma9wAkmI81XHtpaww/o.jpg,False,https://www.yelp.com/biz/deccan-spice-edison-edison?adjust_creative=istl9jgw2i0Hp64EIdomvQ&utm_campaign=yelp_api_v3&utm_medium=api_v3_business_search&utm_source=istl9jgw2i0Hp64EIdomvQ,204,"[{'alias': 'indpak', 'title': 'Indian'}, {'alias': 'seafood', 'title': 'Seafood'}, {'alias': 'cocktailbars', 'title': 'Cocktail Bars'}]",2.8,"{'latitude': 40.5722138, 'longitude': -74.3374832}","['pickup', 'delivery']",,"{'address1': '153 Wood Ave', 'address2': None, 'address3': '', 'city': 'Edison', 'zip_code': '08820', 'country': 'US', 'state': 'NJ', 'display_address': ['153 Wood Ave', 'Edison, NJ 08820']}",+17329022888,(732) 902-2888,10873.069537856461
